ZoneID0,AgeID,IncomeID,Val
101000,1,0,56318
101000,1,1,0
101000,1,2,0
101000,1,3,0
101000,1,4,0
101000,1,5,0
101000,1,6,0
101000,1,7,0
101000,1,8,0
101000,1,9,0
101000,1,10,0
101000,2,0,38882
101000,2,1,0
101000,2,2,0
101000,2,3,0
101000,2,4,0
101000,2,5,0
101000,2,6,0
101000,2,7,0
101000,2,8,0
101000,2,9,0
101000,2,10,0
101000,3,0,7470
101000,3,1,8165
101000,3,2,0
101000,3,3,0
101000,3,4,0
101000,3,5,0
101000,3,6,0
101000,3,7,0
101000,3,8,0
101000,3,9,0
101000,3,10,0
101000,4,0,0
101000,4,1,31294
101000,4,2,34740
101000,4,3,9739
101000,4,4,1453
101000,4,5,311
101000,4,6,84
101000,4,7,28
101000,4,8,19
101000,4,9,10
101000,4,10,17
101000,5,0,5311
101000,5,1,10888
101000,5,2,28154
101000,5,3,23929
101000,5,4,14053
101000,5,5,5991
101000,5,6,1978
101000,5,7,745
101000,5,8,312
101000,5,9,248
101000,5,10,192
101000,6,0,19007
101000,6,1,13602
101000,6,2,33228
101000,6,3,54936
101000,6,4,50035
101000,6,5,32068
101000,6,6,16308
101000,6,7,8854
101000,6,8,5236
101000,6,9,4953
101000,6,10,5325
101000,7,0,3541
101000,7,1,2857
101000,7,2,10938
101000,7,3,16335
101000,7,4,11249
101000,7,5,6717
101000,7,6,3328
101000,7,7,1768
101000,7,8,1123
101000,7,9,1165
101000,7,10,1627
101000,8,0,1117
101000,8,1,1554
101000,8,2,12136
101000,8,3,12703
101000,8,4,6179
101000,8,5,2628
101000,8,6,1172
101000,8,7,543
101000,8,8,350
101000,8,9,337
101000,8,10,472
101000,9,0,406
101000,9,1,744
101000,9,2,9590
101000,9,3,7653
101000,9,4,3305
101000,9,5,1009
101000,9,6,444
101000,9,7,222
101000,9,8,128
101000,9,9,128
101000,9,10,153
101000,10,0,105
101000,10,1,193
101000,10,2,2484
101000,10,3,1982
101000,10,4,856
101000,10,5,261
101000,10,6,115
101000,10,7,58
101000,10,8,33
101000,10,9,33
101000,10,10,40
147000,1,0,8506
147000,1,1,0
147000,1,2,0
147000,1,3,0
147000,1,4,0
147000,1,5,0
147000,1,6,0
147000,1,7,0
147000,1,8,0
147000,1,9,0
147000,1,10,0
147000,2,0,6421
147000,2,1,0
147000,2,2,0
147000,2,3,0
147000,2,4,0
147000,2,5,0
147000,2,6,0
147000,2,7,0
147000,2,8,0
147000,2,9,0
147000,2,10,0
147000,3,0,1224
147000,3,1,1529
147000,3,2,0
147000,3,3,0
147000,3,4,0
147000,3,5,0
147000,3,6,0
147000,3,7,0
147000,3,8,0
147000,3,9,0
147000,3,10,0
147000,4,0,0
147000,4,1,4712
147000,4,2,4860
147000,4,3,1280
147000,4,4,186
147000,4,5,51
147000,4,6,12
147000,4,7,7
147000,4,8,0
147000,4,9,0
147000,4,10,0
147000,5,0,438
147000,5,1,1251
147000,5,2,3271
147000,5,3,2856
147000,5,4,1843
147000,5,5,924
147000,5,6,362
147000,5,7,119
147000,5,8,73
147000,5,9,47
147000,5,10,31
147000,6,0,1960
147000,6,1,1648
147000,6,2,3839
147000,6,3,6706
147000,6,4,7018
147000,6,5,5263
147000,6,6,2980
147000,6,7,1785
147000,6,8,1113
147000,6,9,1090
147000,6,10,1459
147000,7,0,589
147000,7,1,515
147000,7,2,1469
147000,7,3,2677
147000,7,4,2304
147000,7,5,1502
147000,7,6,818
147000,7,7,508
147000,7,8,308
147000,7,9,352
147000,7,10,482
147000,8,0,234
147000,8,1,359
147000,8,2,2257
147000,8,3,2532
147000,8,4,1562
147000,8,5,785
147000,8,6,384
147000,8,7,194
147000,8,8,126
147000,8,9,110
147000,8,10,121
147000,9,0,126
147000,9,1,216
147000,9,2,2438
147000,9,3,2195
147000,9,4,1308
147000,9,5,523
147000,9,6,240
147000,9,7,93
147000,9,8,72
147000,9,9,59
147000,9,10,61
147000,10,0,39
147000,10,1,67
147000,10,2,758
147000,10,3,683
147000,10,4,407
147000,10,5,163
147000,10,6,75
147000,10,7,29
147000,10,8,23
147000,10,9,18
147000,10,10,19
151000,1,0,4662
151000,1,1,0
151000,1,2,0
151000,1,3,0
151000,1,4,0
151000,1,5,0
151000,1,6,0
151000,1,7,0
151000,1,8,0
151000,1,9,0
151000,1,10,0
151000,2,0,4068
151000,2,1,0
151000,2,2,0
151000,2,3,0
151000,2,4,0
151000,2,5,0
151000,2,6,0
151000,2,7,0
151000,2,8,0
151000,2,9,0
151000,2,10,0
151000,3,0,472
151000,3,1,1275
151000,3,2,0
151000,3,3,0
151000,3,4,0
151000,3,5,0
151000,3,6,0
151000,3,7,0
151000,3,8,0
151000,3,9,0
151000,3,10,0
151000,4,0,0
151000,4,1,2021
151000,4,2,1380
151000,4,3,459
151000,4,4,75
151000,4,5,14
151000,4,6,0
151000,4,7,0
151000,4,8,0
151000,4,9,0
151000,4,10,0
151000,5,0,169
151000,5,1,328
151000,5,2,805
151000,5,3,921
151000,5,4,422
151000,5,5,130
151000,5,6,43
151000,5,7,8
151000,5,8,0
151000,5,9,0
151000,5,10,0
151000,6,0,582
151000,6,1,579
151000,6,2,2111
151000,6,3,4544
151000,6,4,3527
151000,6,5,2024
151000,6,6,1057
151000,6,7,614
151000,6,8,354
151000,6,9,271
151000,6,10,267
151000,7,0,142
151000,7,1,181
151000,7,2,1003
151000,7,3,2055
151000,7,4,1466
151000,7,5,784
151000,7,6,436
151000,7,7,255
151000,7,8,126
151000,7,9,125
151000,7,10,106
151000,8,0,57
151000,8,1,135
151000,8,2,1468
151000,8,3,1548
151000,8,4,719
151000,8,5,311
151000,8,6,122
151000,8,7,62
151000,8,8,26
151000,8,9,22
151000,8,10,20
151000,9,0,34
151000,9,1,85
151000,9,2,1985
151000,9,3,1350
151000,9,4,566
151000,9,5,143
151000,9,6,42
151000,9,7,16
151000,9,8,9
151000,9,9,5
151000,9,10,6
151000,10,0,12
151000,10,1,29
151000,10,2,677
151000,10,3,460
151000,10,4,193
151000,10,5,49
151000,10,6,15
151000,10,7,5
151000,10,8,3
151000,10,9,2
151000,10,10,2
153000,1,0,3473
153000,1,1,0
153000,1,2,0
153000,1,3,0
153000,1,4,0
153000,1,5,0
153000,1,6,0
153000,1,7,0
153000,1,8,0
153000,1,9,0
153000,1,10,0
153000,2,0,2904
153000,2,1,0
153000,2,2,0
153000,2,3,0
153000,2,4,0
153000,2,5,0
153000,2,6,0
153000,2,7,0
153000,2,8,0
153000,2,9,0
153000,2,10,0
153000,3,0,412
153000,3,1,845
153000,3,2,0
153000,3,3,0
153000,3,4,0
153000,3,5,0
153000,3,6,0
153000,3,7,0
153000,3,8,0
153000,3,9,0
153000,3,10,0
153000,4,0,0
153000,4,1,1521
153000,4,2,1066
153000,4,3,426
153000,4,4,74
153000,4,5,15
153000,4,6,0
153000,4,7,0
153000,4,8,0
153000,4,9,0
153000,4,10,0
153000,5,0,145
153000,5,1,302
153000,5,2,724
153000,5,3,826
153000,5,4,392
153000,5,5,120
153000,5,6,31
153000,5,7,10
153000,5,8,0
153000,5,9,0
153000,5,10,0
153000,6,0,609
153000,6,1,647
153000,6,2,2269
153000,6,3,3849
153000,6,4,2585
153000,6,5,1190
153000,6,6,508
153000,6,7,207
153000,6,8,138
153000,6,9,106
153000,6,10,71
153000,7,0,154
153000,7,1,176
153000,7,2,980
153000,7,3,1553
153000,7,4,1017
153000,7,5,445
153000,7,6,179
153000,7,7,93
153000,7,8,32
153000,7,9,44
153000,7,10,27
153000,8,0,46
153000,8,1,123
153000,8,2,1400
153000,8,3,1218
153000,8,4,488
153000,8,5,171
153000,8,6,75
153000,8,7,20
153000,8,8,15
153000,8,9,20
153000,8,10,13
153000,9,0,31
153000,9,1,67
153000,9,2,1202
153000,9,3,804
153000,9,4,283
153000,9,5,67
153000,9,6,27
153000,9,7,8
153000,9,8,0
153000,9,9,4
153000,9,10,0
153000,10,0,11
153000,10,1,24
153000,10,2,424
153000,10,3,284
153000,10,4,100
153000,10,5,24
153000,10,6,9
153000,10,7,3
153000,10,8,0
153000,10,9,2
153000,10,10,0
155000,1,0,1399
155000,1,1,0
155000,1,2,0
155000,1,3,0
155000,1,4,0
155000,1,5,0
155000,1,6,0
155000,1,7,0
155000,1,8,0
155000,1,9,0
155000,1,10,0
155000,2,0,1404
155000,2,1,0
155000,2,2,0
155000,2,3,0
155000,2,4,0
155000,2,5,0
155000,2,6,0
155000,2,7,0
155000,2,8,0
155000,2,9,0
155000,2,10,0
155000,3,0,80
155000,3,1,500
155000,3,2,0
155000,3,3,0
155000,3,4,0
155000,3,5,0
155000,3,6,0
155000,3,7,0
155000,3,8,0
155000,3,9,0
155000,3,10,0
155000,4,0,0
155000,4,1,422
155000,4,2,215
155000,4,3,51
155000,4,4,12
155000,4,5,5
155000,4,6,0
155000,4,7,0
155000,4,8,0
155000,4,9,0
155000,4,10,0
155000,5,0,28
155000,5,1,25
155000,5,2,75
155000,5,3,97
155000,5,4,35
155000,5,5,15
155000,5,6,5
155000,5,7,0
155000,5,8,0
155000,5,9,0
155000,5,10,0
155000,6,0,184
155000,6,1,181
155000,6,2,360
155000,6,3,920
155000,6,4,882
155000,6,5,684
155000,6,6,399
155000,6,7,247
155000,6,8,177
155000,6,9,190
155000,6,10,275
155000,7,0,78
155000,7,1,80
155000,7,2,224
155000,7,3,454
155000,7,4,437
155000,7,5,318
155000,7,6,170
155000,7,7,107
155000,7,8,56
155000,7,9,64
155000,7,10,94
155000,8,0,43
155000,8,1,66
155000,8,2,480
155000,8,3,509
155000,8,4,325
155000,8,5,155
155000,8,6,67
155000,8,7,31
155000,8,8,16
155000,8,9,16
155000,8,10,28
155000,9,0,21
155000,9,1,45
155000,9,2,543
155000,9,3,410
155000,9,4,275
155000,9,5,85
155000,9,6,38
155000,9,7,15
155000,9,8,8
155000,9,9,8
155000,9,10,10
155000,10,0,7
155000,10,1,15
155000,10,2,174
155000,10,3,131
155000,10,4,88
155000,10,5,27
155000,10,6,12
155000,10,7,5
155000,10,8,2
155000,10,9,2
155000,10,10,3
157000,1,0,6235
157000,1,1,0
157000,1,2,0
157000,1,3,0
157000,1,4,0
157000,1,5,0
157000,1,6,0
157000,1,7,0
157000,1,8,0
157000,1,9,0
157000,1,10,0
157000,2,0,7021
157000,2,1,0
157000,2,2,0
157000,2,3,0
157000,2,4,0
157000,2,5,0
157000,2,6,0
157000,2,7,0
157000,2,8,0
157000,2,9,0
157000,2,10,0
157000,3,0,1009
157000,3,1,2281
157000,3,2,0
157000,3,3,0
157000,3,4,0
157000,3,5,0
157000,3,6,0
157000,3,7,0
157000,3,8,0
157000,3,9,0
157000,3,10,0
157000,4,0,0
157000,4,1,3321
157000,4,2,1500
157000,4,3,446
157000,4,4,76
157000,4,5,18
157000,4,6,0
157000,4,7,0
157000,4,8,0
157000,4,9,0
157000,4,10,0
157000,5,0,504
157000,5,1,420
157000,5,2,781
157000,5,3,742
157000,5,4,400
157000,5,5,190
157000,5,6,70
157000,5,7,31
157000,5,8,16
157000,5,9,20
157000,5,10,9
157000,6,0,2366
157000,6,1,1120
157000,6,2,2015
157000,6,3,3400
157000,6,4,3215
157000,6,5,2817
157000,6,6,1960
157000,6,7,1382
157000,6,8,1014
157000,6,9,1215
157000,6,10,2600
157000,7,0,988
157000,7,1,501
157000,7,2,897
157000,7,3,1719
157000,7,4,1663
157000,7,5,1377
157000,7,6,850
157000,7,7,582
157000,7,8,436
157000,7,9,504
157000,7,10,1159
157000,8,0,406
157000,8,1,407
157000,8,2,1557
157000,8,3,1819
157000,8,4,1233
157000,8,5,803
157000,8,6,448
157000,8,7,232
157000,8,8,177
157000,8,9,199
157000,8,10,387
157000,9,0,261
157000,9,1,310
157000,9,2,1732
157000,9,3,1552
157000,9,4,1054
157000,9,5,490
157000,9,6,274
157000,9,7,180
157000,9,8,105
157000,9,9,103
157000,9,10,178
157000,10,0,86
157000,10,1,103
157000,10,2,572
157000,10,3,513
157000,10,4,348
157000,10,5,162
157000,10,6,90
157000,10,7,59
157000,10,8,35
157000,10,9,34
157000,10,10,59
159000,1,0,6753
159000,1,1,0
159000,1,2,0
159000,1,3,0
159000,1,4,0
159000,1,5,0
159000,1,6,0
159000,1,7,0
159000,1,8,0
159000,1,9,0
159000,1,10,0
159000,2,0,6213
159000,2,1,0
159000,2,2,0
159000,2,3,0
159000,2,4,0
159000,2,5,0
159000,2,6,0
159000,2,7,0
159000,2,8,0
159000,2,9,0
159000,2,10,0
159000,3,0,637
159000,3,1,2015
159000,3,2,0
159000,3,3,0
159000,3,4,0
159000,3,5,0
159000,3,6,0
159000,3,7,0
159000,3,8,0
159000,3,9,0
159000,3,10,0
159000,4,0,0
159000,4,1,3058
159000,4,2,2054
159000,4,3,630
159000,4,4,97
159000,4,5,15
159000,4,6,0
159000,4,7,6
159000,4,8,0
159000,4,9,0
159000,4,10,0
159000,5,0,222
159000,5,1,660
159000,5,2,1273
159000,5,3,1313
159000,5,4,683
159000,5,5,259
159000,5,6,68
159000,5,7,25
159000,5,8,9
159000,5,9,0
159000,5,10,0
159000,6,0,1132
159000,6,1,1064
159000,6,2,2744
159000,6,3,5680
159000,6,4,4855
159000,6,5,3288
159000,6,6,1833
159000,6,7,1052
159000,6,8,643
159000,6,9,627
159000,6,10,626
159000,7,0,285
159000,7,1,286
159000,7,2,1124
159000,7,3,2387
159000,7,4,1896
159000,7,5,1095
159000,7,6,616
159000,7,7,330
159000,7,8,183
159000,7,9,171
159000,7,10,190
159000,8,0,93
159000,8,1,199
159000,8,2,1854
159000,8,3,2143
159000,8,4,993
159000,8,5,447
159000,8,6,208
159000,8,7,106
159000,8,8,46
159000,8,9,48
159000,8,10,38
159000,9,0,36
159000,9,1,102
159000,9,2,1766
159000,9,3,1352
159000,9,4,594
159000,9,5,147
159000,9,6,74
159000,9,7,29
159000,9,8,16
159000,9,9,17
159000,9,10,9
159000,10,0,14
159000,10,1,39
159000,10,2,677
159000,10,3,519
159000,10,4,228
159000,10,5,56
159000,10,6,28
159000,10,7,11
159000,10,8,6
159000,10,9,6
159000,10,10,3
161000,1,0,2192
161000,1,1,0
161000,1,2,0
161000,1,3,0
161000,1,4,0
161000,1,5,0
161000,1,6,0
161000,1,7,0
161000,1,8,0
161000,1,9,0
161000,1,10,0
161000,2,0,1725
161000,2,1,0
161000,2,2,0
161000,2,3,0
161000,2,4,0
161000,2,5,0
161000,2,6,0
161000,2,7,0
161000,2,8,0
161000,2,9,0
161000,2,10,0
161000,3,0,210
161000,3,1,541
161000,3,2,0
161000,3,3,0
161000,3,4,0
161000,3,5,0
161000,3,6,0
161000,3,7,0
161000,3,8,0
161000,3,9,0
161000,3,10,0
161000,4,0,0
161000,4,1,844
161000,4,2,703
161000,4,3,276
161000,4,4,42
161000,4,5,10
161000,4,6,0
161000,4,7,0
161000,4,8,0
161000,4,9,0
161000,4,10,0
161000,5,0,59
161000,5,1,164
161000,5,2,407
161000,5,3,598
161000,5,4,291
161000,5,5,90
161000,5,6,26
161000,5,7,12
161000,5,8,0
161000,5,9,5
161000,5,10,0
161000,6,0,330
161000,6,1,325
161000,6,2,1091
161000,6,3,2331
161000,6,4,1858
161000,6,5,986
161000,6,6,509
161000,6,7,259
161000,6,8,165
161000,6,9,109
161000,6,10,97
161000,7,0,90
161000,7,1,100
161000,7,2,403
161000,7,3,994
161000,7,4,698
161000,7,5,364
161000,7,6,152
161000,7,7,92
161000,7,8,52
161000,7,9,58
161000,7,10,38
161000,8,0,27
161000,8,1,79
161000,8,2,733
161000,8,3,709
161000,8,4,341
161000,8,5,105
161000,8,6,51
161000,8,7,25
161000,8,8,12
161000,8,9,6
161000,8,10,7
161000,9,0,16
161000,9,1,40
161000,9,2,713
161000,9,3,538
161000,9,4,247
161000,9,5,40
161000,9,6,17
161000,9,7,0
161000,9,8,4
161000,9,9,0
161000,9,10,4
161000,10,0,6
161000,10,1,15
161000,10,2,275
161000,10,3,207
161000,10,4,96
161000,10,5,16
161000,10,6,7
161000,10,7,0
161000,10,8,1
161000,10,9,0
161000,10,10,2
163000,1,0,2661
163000,1,1,0
163000,1,2,0
163000,1,3,0
163000,1,4,0
163000,1,5,0
163000,1,6,0
163000,1,7,0
163000,1,8,0
163000,1,9,0
163000,1,10,0
163000,2,0,2664
163000,2,1,0
163000,2,2,0
163000,2,3,0
163000,2,4,0
163000,2,5,0
163000,2,6,0
163000,2,7,0
163000,2,8,0
163000,2,9,0
163000,2,10,0
163000,3,0,272
163000,3,1,790
163000,3,2,0
163000,3,3,0
163000,3,4,0
163000,3,5,0
163000,3,6,0
163000,3,7,0
163000,3,8,0
163000,3,9,0
163000,3,10,0
163000,4,0,0
163000,4,1,1103
163000,4,2,893
163000,4,3,283
163000,4,4,54
163000,4,5,6
163000,4,6,0
163000,4,7,0
163000,4,8,0
163000,4,9,0
163000,4,10,0
163000,5,0,80
163000,5,1,196
163000,5,2,408
163000,5,3,558
163000,5,4,222
163000,5,5,105
163000,5,6,29
163000,5,7,0
163000,5,8,0
163000,5,9,0
163000,5,10,0
163000,6,0,348
163000,6,1,372
163000,6,2,1172
163000,6,3,2737
163000,6,4,2134
163000,6,5,1221
163000,6,6,655
163000,6,7,371
163000,6,8,180
163000,6,9,176
163000,6,10,105
163000,7,0,90
163000,7,1,106
163000,7,2,571
163000,7,3,1224
163000,7,4,833
163000,7,5,459
163000,7,6,219
163000,7,7,102
163000,7,8,65
163000,7,9,47
163000,7,10,48
163000,8,0,41
163000,8,1,91
163000,8,2,962
163000,8,3,1037
163000,8,4,468
163000,8,5,178
163000,8,6,66
163000,8,7,38
163000,8,8,15
163000,8,9,16
163000,8,10,9
163000,9,0,21
163000,9,1,53
163000,9,2,878
163000,9,3,627
163000,9,4,249
163000,9,5,73
163000,9,6,24
163000,9,7,14
163000,9,8,5
163000,9,9,0
163000,9,10,0
163000,10,0,9
163000,10,1,22
163000,10,2,357
163000,10,3,255
163000,10,4,101
163000,10,5,30
163000,10,6,10
163000,10,7,5
163000,10,8,2
163000,10,9,0
163000,10,10,0
165000,1,0,2401
165000,1,1,0
165000,1,2,0
165000,1,3,0
165000,1,4,0
165000,1,5,0
165000,1,6,0
165000,1,7,0
165000,1,8,0
165000,1,9,0
165000,1,10,0
165000,2,0,2411
165000,2,1,0
165000,2,2,0
165000,2,3,0
165000,2,4,0
165000,2,5,0
165000,2,6,0
165000,2,7,0
165000,2,8,0
165000,2,9,0
165000,2,10,0
165000,3,0,355
165000,3,1,719
165000,3,2,0
165000,3,3,0
165000,3,4,0
165000,3,5,0
165000,3,6,0
165000,3,7,0
165000,3,8,0
165000,3,9,0
165000,3,10,0
165000,4,0,0
165000,4,1,1382
165000,4,2,958
165000,4,3,325
165000,4,4,51
165000,4,5,0
165000,4,6,0
165000,4,7,0
165000,4,8,0
165000,4,9,0
165000,4,10,0
165000,5,0,88
165000,5,1,300
165000,5,2,548
165000,5,3,533
165000,5,4,251
165000,5,5,64
165000,5,6,15
165000,5,7,0
165000,5,8,0
165000,5,9,0
165000,5,10,0
165000,6,0,302
165000,6,1,450
165000,6,2,1492
165000,6,3,2790
165000,6,4,1936
165000,6,5,924
165000,6,6,417
165000,6,7,159
165000,6,8,89
165000,6,9,66
165000,6,10,57
165000,7,0,104
165000,7,1,119
165000,7,2,576
165000,7,3,1039
165000,7,4,788
165000,7,5,363
165000,7,6,159
165000,7,7,70
165000,7,8,39
165000,7,9,28
165000,7,10,25
165000,8,0,39
165000,8,1,89
165000,8,2,810
165000,8,3,853
165000,8,4,429
165000,8,5,148
165000,8,6,47
165000,8,7,21
165000,8,8,8
165000,8,9,11
165000,8,10,8
165000,9,0,20
165000,9,1,61
165000,9,2,950
165000,9,3,693
165000,9,4,334
165000,9,5,92
165000,9,6,25
165000,9,7,9
165000,9,8,0
165000,9,9,0
165000,9,10,0
165000,10,0,4
165000,10,1,14
165000,10,2,213
165000,10,3,156
165000,10,4,75
165000,10,5,21
165000,10,6,5
165000,10,7,2
165000,10,8,0
165000,10,9,0
165000,10,10,0
167000,1,0,5217
167000,1,1,0
167000,1,2,0
167000,1,3,0
167000,1,4,0
167000,1,5,0
167000,1,6,0
167000,1,7,0
167000,1,8,0
167000,1,9,0
167000,1,10,0
167000,2,0,4734
167000,2,1,0
167000,2,2,0
167000,2,3,0
167000,2,4,0
167000,2,5,0
167000,2,6,0
167000,2,7,0
167000,2,8,0
167000,2,9,0
167000,2,10,0
167000,3,0,492
167000,3,1,1465
167000,3,2,0
167000,3,3,0
167000,3,4,0
167000,3,5,0
167000,3,6,0
167000,3,7,0
167000,3,8,0
167000,3,9,0
167000,3,10,0
167000,4,0,0
167000,4,1,2119
167000,4,2,1571
167000,4,3,495
167000,4,4,91
167000,4,5,21
167000,4,6,0
167000,4,7,0
167000,4,8,0
167000,4,9,0
167000,4,10,0
167000,5,0,120
167000,5,1,411
167000,5,2,884
167000,5,3,1000
167000,5,4,456
167000,5,5,157
167000,5,6,43
167000,5,7,0
167000,5,8,7
167000,5,9,0
167000,5,10,0
167000,6,0,616
167000,6,1,697
167000,6,2,2530
167000,6,3,5021
167000,6,4,4218
167000,6,5,2445
167000,6,6,1210
167000,6,7,593
167000,6,8,338
167000,6,9,296
167000,6,10,240
167000,7,0,202
167000,7,1,180
167000,7,2,998
167000,7,3,2097
167000,7,4,1509
167000,7,5,788
167000,7,6,341
167000,7,7,148
167000,7,8,94
167000,7,9,63
167000,7,10,76
167000,8,0,76
167000,8,1,152
167000,8,2,1661
167000,8,3,1663
167000,8,4,807
167000,8,5,292
167000,8,6,103
167000,8,7,48
167000,8,8,26
167000,8,9,26
167000,8,10,14
167000,9,0,30
167000,9,1,79
167000,9,2,1647
167000,9,3,1125
167000,9,4,445
167000,9,5,94
167000,9,6,27
167000,9,7,11
167000,9,8,7
167000,9,9,0
167000,9,10,0
167000,10,0,10
167000,10,1,26
167000,10,2,535
167000,10,3,366
167000,10,4,145
167000,10,5,30
167000,10,6,9
167000,10,7,4
167000,10,8,2
167000,10,9,0
167000,10,10,0
169000,1,0,5300
169000,1,1,0
169000,1,2,0
169000,1,3,0
169000,1,4,0
169000,1,5,0
169000,1,6,0
169000,1,7,0
169000,1,8,0
169000,1,9,0
169000,1,10,0
169000,2,0,4444
169000,2,1,0
169000,2,2,0
169000,2,3,0
169000,2,4,0
169000,2,5,0
169000,2,6,0
169000,2,7,0
169000,2,8,0
169000,2,9,0
169000,2,10,0
169000,3,0,630
169000,3,1,1358
169000,3,2,0
169000,3,3,0
169000,3,4,0
169000,3,5,0
169000,3,6,0
169000,3,7,0
169000,3,8,0
169000,3,9,0
169000,3,10,0
169000,4,0,0
169000,4,1,2085
169000,4,2,1524
169000,4,3,627
169000,4,4,136
169000,4,5,32
169000,4,6,0
169000,4,7,0
169000,4,8,0
169000,4,9,0
169000,4,10,0
169000,5,0,189
169000,5,1,435
169000,5,2,1051
169000,5,3,1443
169000,5,4,656
169000,5,5,188
169000,5,6,55
169000,5,7,15
169000,5,8,0
169000,5,9,5
169000,5,10,0
169000,6,0,939
169000,6,1,1120
169000,6,2,3403
169000,6,3,5797
169000,6,4,3952
169000,6,5,2036
169000,6,6,977
169000,6,7,466
169000,6,8,237
169000,6,9,194
169000,6,10,183
169000,7,0,222
169000,7,1,250
169000,7,2,1193
169000,7,3,1958
169000,7,4,1390
169000,7,5,696
169000,7,6,329
169000,7,7,152
169000,7,8,77
169000,7,9,76
169000,7,10,60
169000,8,0,52
169000,8,1,167
169000,8,2,1719
169000,8,3,1462
169000,8,4,716
169000,8,5,278
169000,8,6,130
169000,8,7,59
169000,8,8,19
169000,8,9,19
169000,8,10,18
169000,9,0,56
169000,9,1,119
169000,9,2,1772
169000,9,3,1095
169000,9,4,526
169000,9,5,156
169000,9,6,44
169000,9,7,15
169000,9,8,9
169000,9,9,6
169000,9,10,8
169000,10,0,14
169000,10,1,29
169000,10,2,434
169000,10,3,268
169000,10,4,129
169000,10,5,38
169000,10,6,11
169000,10,7,4
169000,10,8,2
169000,10,9,2
169000,10,10,2
173000,1,0,4800
173000,1,1,0
173000,1,2,0
173000,1,3,0
173000,1,4,0
173000,1,5,0
173000,1,6,0
173000,1,7,0
173000,1,8,0
173000,1,9,0
173000,1,10,0
173000,2,0,5050
173000,2,1,0
173000,2,2,0
173000,2,3,0
173000,2,4,0
173000,2,5,0
173000,2,6,0
173000,2,7,0
173000,2,8,0
173000,2,9,0
173000,2,10,0
173000,3,0,1156
173000,3,1,1082
173000,3,2,0
173000,3,3,0
173000,3,4,0
173000,3,5,0
173000,3,6,0
173000,3,7,0
173000,3,8,0
173000,3,9,0
173000,3,10,0
173000,4,0,0
173000,4,1,3626
173000,4,2,1821
173000,4,3,392
173000,4,4,65
173000,4,5,16
173000,4,6,0
173000,4,7,0
173000,4,8,0
173000,4,9,0
173000,4,10,0
173000,5,0,431
173000,5,1,666
173000,5,2,1054
173000,5,3,882
173000,5,4,554
173000,5,5,221
173000,5,6,53
173000,5,7,19
173000,5,8,9
173000,5,9,6
173000,5,10,5
173000,6,0,1151
173000,6,1,787
173000,6,2,1651
173000,6,3,3018
173000,6,4,3007
173000,6,5,2546
173000,6,6,1609
173000,6,7,1069
173000,6,8,769
173000,6,9,822
173000,6,10,1186
173000,7,0,399
173000,7,1,298
173000,7,2,738
173000,7,3,1468
173000,7,4,1417
173000,7,5,993
173000,7,6,623
173000,7,7,421
173000,7,8,265
173000,7,9,317
173000,7,10,492
173000,8,0,172
173000,8,1,244
173000,8,2,1330
173000,8,3,1645
173000,8,4,1026
173000,8,5,536
173000,8,6,284
173000,8,7,158
173000,8,8,100
173000,8,9,81
173000,8,10,144
173000,9,0,91
173000,9,1,135
173000,9,2,1339
173000,9,3,1206
173000,9,4,702
173000,9,5,308
173000,9,6,149
173000,9,7,78
173000,9,8,45
173000,9,9,34
173000,9,10,54
173000,10,0,36
173000,10,1,53
173000,10,2,523
173000,10,3,471
173000,10,4,274
173000,10,5,121
173000,10,6,58
173000,10,7,31
173000,10,8,18
173000,10,9,13
173000,10,10,21
175000,1,0,4157
175000,1,1,0
175000,1,2,0
175000,1,3,0
175000,1,4,0
175000,1,5,0
175000,1,6,0
175000,1,7,0
175000,1,8,0
175000,1,9,0
175000,1,10,0
175000,2,0,3573
175000,2,1,0
175000,2,2,0
175000,2,3,0
175000,2,4,0
175000,2,5,0
175000,2,6,0
175000,2,7,0
175000,2,8,0
175000,2,9,0
175000,2,10,0
175000,3,0,366
175000,3,1,1102
175000,3,2,0
175000,3,3,0
175000,3,4,0
175000,3,5,0
175000,3,6,0
175000,3,7,0
175000,3,8,0
175000,3,9,0
175000,3,10,0
175000,4,0,0
175000,4,1,1485
175000,4,2,1195
175000,4,3,451
175000,4,4,62
175000,4,5,18
175000,4,6,0
175000,4,7,0
175000,4,8,0
175000,4,9,0
175000,4,10,0
175000,5,0,105
175000,5,1,269
175000,5,2,754
175000,5,3,951
175000,5,4,406
175000,5,5,133
175000,5,6,45
175000,5,7,11
175000,5,8,0
175000,5,9,7
175000,5,10,0
175000,6,0,587
175000,6,1,669
175000,6,2,2055
175000,6,3,3928
175000,6,4,3268
175000,6,5,1868
175000,6,6,926
175000,6,7,481
175000,6,8,260
175000,6,9,217
175000,6,10,219
175000,7,0,175
175000,7,1,196
175000,7,2,868
175000,7,3,1730
175000,7,4,1210
175000,7,5,604
175000,7,6,273
175000,7,7,139
175000,7,8,74
175000,7,9,65
175000,7,10,50
175000,8,0,48
175000,8,1,126
175000,8,2,1281
175000,8,3,1334
175000,8,4,638
175000,8,5,239
175000,8,6,84
175000,8,7,40
175000,8,8,22
175000,8,9,15
175000,8,10,15
175000,9,0,24
175000,9,1,66
175000,9,2,1205
175000,9,3,924
175000,9,4,360
175000,9,5,94
175000,9,6,31
175000,9,7,0
175000,9,8,0
175000,9,9,0
175000,9,10,0
175000,10,0,9
175000,10,1,26
175000,10,2,475
175000,10,3,364
175000,10,4,142
175000,10,5,37
175000,10,6,12
175000,10,7,0
175000,10,8,0
175000,10,9,0
175000,10,10,0
183000,1,0,2219
183000,1,1,0
183000,1,2,0
183000,1,3,0
183000,1,4,0
183000,1,5,0
183000,1,6,0
183000,1,7,0
183000,1,8,0
183000,1,9,0
183000,1,10,0
183000,2,0,2007
183000,2,1,0
183000,2,2,0
183000,2,3,0
183000,2,4,0
183000,2,5,0
183000,2,6,0
183000,2,7,0
183000,2,8,0
183000,2,9,0
183000,2,10,0
183000,3,0,276
183000,3,1,572
183000,3,2,0
183000,3,3,0
183000,3,4,0
183000,3,5,0
183000,3,6,0
183000,3,7,0
183000,3,8,0
183000,3,9,0
183000,3,10,0
183000,4,0,0
183000,4,1,980
183000,4,2,756
183000,4,3,292
183000,4,4,70
183000,4,5,0
183000,4,6,0
183000,4,7,0
183000,4,8,0
183000,4,9,0
183000,4,10,0
183000,5,0,94
183000,5,1,177
183000,5,2,479
183000,5,3,549
183000,5,4,193
183000,5,5,68
183000,5,6,30
183000,5,7,0
183000,5,8,0
183000,5,9,0
183000,5,10,0
183000,6,0,367
183000,6,1,405
183000,6,2,1500
183000,6,3,2793
183000,6,4,1606
183000,6,5,706
183000,6,6,307
183000,6,7,160
183000,6,8,81
183000,6,9,60
183000,6,10,48
183000,7,0,76
183000,7,1,127
183000,7,2,606
183000,7,3,984
183000,7,4,565
183000,7,5,232
183000,7,6,100
183000,7,7,54
183000,7,8,33
183000,7,9,34
183000,7,10,20
183000,8,0,22
183000,8,1,83
183000,8,2,803
183000,8,3,648
183000,8,4,276
183000,8,5,105
183000,8,6,38
183000,8,7,13
183000,8,8,11
183000,8,9,0
183000,8,10,0
183000,9,0,17
183000,9,1,34
183000,9,2,725
183000,9,3,498
183000,9,4,192
183000,9,5,39
183000,9,6,19
183000,9,7,0
183000,9,8,4
183000,9,9,0
183000,9,10,0
183000,10,0,3
183000,10,1,7
183000,10,2,144
183000,10,3,99
183000,10,4,38
183000,10,5,8
183000,10,6,4
183000,10,7,0
183000,10,8,1
183000,10,9,0
183000,10,10,0
185000,1,0,4115
185000,1,1,0
185000,1,2,0
185000,1,3,0
185000,1,4,0
185000,1,5,0
185000,1,6,0
185000,1,7,0
185000,1,8,0
185000,1,9,0
185000,1,10,0
185000,2,0,3877
185000,2,1,0
185000,2,2,0
185000,2,3,0
185000,2,4,0
185000,2,5,0
185000,2,6,0
185000,2,7,0
185000,2,8,0
185000,2,9,0
185000,2,10,0
185000,3,0,342
185000,3,1,1359
185000,3,2,0
185000,3,3,0
185000,3,4,0
185000,3,5,0
185000,3,6,0
185000,3,7,0
185000,3,8,0
185000,3,9,0
185000,3,10,0
185000,4,0,0
185000,4,1,1393
185000,4,2,1005
185000,4,3,351
185000,4,4,68
185000,4,5,16
185000,4,6,0
185000,4,7,0
185000,4,8,0
185000,4,9,0
185000,4,10,0
185000,5,0,61
185000,5,1,236
185000,5,2,530
185000,5,3,619
185000,5,4,299
185000,5,5,79
185000,5,6,23
185000,5,7,0
185000,5,8,0
185000,5,9,0
185000,5,10,0
185000,6,0,462
185000,6,1,495
185000,6,2,1712
185000,6,3,4071
185000,6,4,3541
185000,6,5,2109
185000,6,6,971
185000,6,7,538
185000,6,8,276
185000,6,9,247
185000,6,10,199
185000,7,0,158
185000,7,1,181
185000,7,2,811
185000,7,3,1913
185000,7,4,1346
185000,7,5,693
185000,7,6,341
185000,7,7,129
185000,7,8,74
185000,7,9,64
185000,7,10,53
185000,8,0,47
185000,8,1,137
185000,8,2,1404
185000,8,3,1517
185000,8,4,756
185000,8,5,258
185000,8,6,94
185000,8,7,43
185000,8,8,27
185000,8,9,19
185000,8,10,12
185000,9,0,23
185000,9,1,48
185000,9,2,1328
185000,9,3,1071
185000,9,4,473
185000,9,5,78
185000,9,6,21
185000,9,7,8
185000,9,8,0
185000,9,9,0
185000,9,10,0
185000,10,0,7
185000,10,1,15
185000,10,2,401
185000,10,3,323
185000,10,4,143
185000,10,5,24
185000,10,6,6
185000,10,7,2
185000,10,8,0
185000,10,9,0
185000,10,10,0
187000,1,0,1822
187000,1,1,0
187000,1,2,0
187000,1,3,0
187000,1,4,0
187000,1,5,0
187000,1,6,0
187000,1,7,0
187000,1,8,0
187000,1,9,0
187000,1,10,0
187000,2,0,1654
187000,2,1,0
187000,2,2,0
187000,2,3,0
187000,2,4,0
187000,2,5,0
187000,2,6,0
187000,2,7,0
187000,2,8,0
187000,2,9,0
187000,2,10,0
187000,3,0,165
187000,3,1,463
187000,3,2,0
187000,3,3,0
187000,3,4,0
187000,3,5,0
187000,3,6,0
187000,3,7,0
187000,3,8,0
187000,3,9,0
187000,3,10,0
187000,4,0,0
187000,4,1,589
187000,4,2,450
187000,4,3,152
187000,4,4,21
187000,4,5,0
187000,4,6,0
187000,4,7,0
187000,4,8,0
187000,4,9,0
187000,4,10,0
187000,5,0,50
187000,5,1,107
187000,5,2,233
187000,5,3,284
187000,5,4,139
187000,5,5,52
187000,5,6,18
187000,5,7,0
187000,5,8,0
187000,5,9,0
187000,5,10,0
187000,6,0,276
187000,6,1,289
187000,6,2,694
187000,6,3,1514
187000,6,4,1348
187000,6,5,767
187000,6,6,413
187000,6,7,202
187000,6,8,135
187000,6,9,128
187000,6,10,109
187000,7,0,57
187000,7,1,68
187000,7,2,201
187000,7,3,452
187000,7,4,410
187000,7,5,248
187000,7,6,131
187000,7,7,58
187000,7,8,40
187000,7,9,49
187000,7,10,43
187000,8,0,23
187000,8,1,56
187000,8,2,467
187000,8,3,428
187000,8,4,253
187000,8,5,121
187000,8,6,46
187000,8,7,31
187000,8,8,11
187000,8,9,13
187000,8,10,7
187000,9,0,20
187000,9,1,49
187000,9,2,609
187000,9,3,431
187000,9,4,217
187000,9,5,74
187000,9,6,24
187000,9,7,9
187000,9,8,4
187000,9,9,0
187000,9,10,0
187000,10,0,4
187000,10,1,11
187000,10,2,130
187000,10,3,92
187000,10,4,46
187000,10,5,16
187000,10,6,5
187000,10,7,2
187000,10,8,1
187000,10,9,0
187000,10,10,0
190000,1,0,4272
190000,1,1,0
190000,1,2,0
190000,1,3,0
190000,1,4,0
190000,1,5,0
190000,1,6,0
190000,1,7,0
190000,1,8,0
190000,1,9,0
190000,1,10,0
190000,2,0,4025
190000,2,1,0
190000,2,2,0
190000,2,3,0
190000,2,4,0
190000,2,5,0
190000,2,6,0
190000,2,7,0
190000,2,8,0
190000,2,9,0
190000,2,10,0
190000,3,0,393
190000,3,1,1372
190000,3,2,0
190000,3,3,0
190000,3,4,0
190000,3,5,0
190000,3,6,0
190000,3,7,0
190000,3,8,0
190000,3,9,0
190000,3,10,0
190000,4,0,0
190000,4,1,1542
190000,4,2,702
190000,4,3,216
190000,4,4,35
190000,4,5,12
190000,4,6,6
190000,4,7,0
190000,4,8,0
190000,4,9,0
190000,4,10,0
190000,5,0,55
190000,5,1,155
190000,5,2,312
190000,5,3,394
190000,5,4,194
190000,5,5,92
190000,5,6,19
190000,5,7,0
190000,5,8,0
190000,5,9,0
190000,5,10,0
190000,6,0,504
190000,6,1,470
190000,6,2,1337
190000,6,3,2693
190000,6,4,2666
190000,6,5,2000
190000,6,6,1215
190000,6,7,820
190000,6,8,544
190000,6,9,506
190000,6,10,619
190000,7,0,220
190000,7,1,187
190000,7,2,594
190000,7,3,1251
190000,7,4,1060
190000,7,5,764
190000,7,6,471
190000,7,7,355
190000,7,8,223
190000,7,9,244
190000,7,10,309
190000,8,0,82
190000,8,1,162
190000,8,2,1057
190000,8,3,1233
190000,8,4,806
190000,8,5,425
190000,8,6,238
190000,8,7,107
190000,8,8,64
190000,8,9,60
190000,8,10,56
190000,9,0,73
190000,9,1,135
190000,9,2,1194
190000,9,3,1043
190000,9,4,659
190000,9,5,290
190000,9,6,122
190000,9,7,58
190000,9,8,31
190000,9,9,25
190000,9,10,26
190000,10,0,25
190000,10,1,48
190000,10,2,419
190000,10,3,365
190000,10,4,231
190000,10,5,102
190000,10,6,43
190000,10,7,21
190000,10,8,11
190000,10,9,9
190000,10,10,9
201000,1,0,2617
201000,1,1,0
201000,1,2,0
201000,1,3,0
201000,1,4,0
201000,1,5,0
201000,1,6,0
201000,1,7,0
201000,1,8,0
201000,1,9,0
201000,1,10,0
201000,2,0,2482
201000,2,1,0
201000,2,2,0
201000,2,3,0
201000,2,4,0
201000,2,5,0
201000,2,6,0
201000,2,7,0
201000,2,8,0
201000,2,9,0
201000,2,10,0
201000,3,0,247
201000,3,1,905
201000,3,2,0
201000,3,3,0
201000,3,4,0
201000,3,5,0
201000,3,6,0
201000,3,7,0
201000,3,8,0
201000,3,9,0
201000,3,10,0
201000,4,0,0
201000,4,1,1036
201000,4,2,445
201000,4,3,131
201000,4,4,17
201000,4,5,0
201000,4,6,0
201000,4,7,0
201000,4,8,0
201000,4,9,0
201000,4,10,0
201000,5,0,49
201000,5,1,92
201000,5,2,137
201000,5,3,202
201000,5,4,118
201000,5,5,34
201000,5,6,0
201000,5,7,0
201000,5,8,0
201000,5,9,0
201000,5,10,0
201000,6,0,265
201000,6,1,286
201000,6,2,698
201000,6,3,1654
201000,6,4,1735
201000,6,5,1336
201000,6,6,810
201000,6,7,537
201000,6,8,341
201000,6,9,294
201000,6,10,346
201000,7,0,124
201000,7,1,127
201000,7,2,319
201000,7,3,789
201000,7,4,713
201000,7,5,565
201000,7,6,350
201000,7,7,220
201000,7,8,144
201000,7,9,150
201000,7,10,148
201000,8,0,51
201000,8,1,109
201000,8,2,658
201000,8,3,732
201000,8,4,468
201000,8,5,257
201000,8,6,120
201000,8,7,66
201000,8,8,29
201000,8,9,37
201000,8,10,41
201000,9,0,41
201000,9,1,100
201000,9,2,877
201000,9,3,594
201000,9,4,419
201000,9,5,180
201000,9,6,69
201000,9,7,33
201000,9,8,19
201000,9,9,13
201000,9,10,16
201000,10,0,11
201000,10,1,28
201000,10,2,249
201000,10,3,169
201000,10,4,119
201000,10,5,51
201000,10,6,19
201000,10,7,10
201000,10,8,5
201000,10,9,4
201000,10,10,4
210000,1,0,3757
210000,1,1,0
210000,1,2,0
210000,1,3,0
210000,1,4,0
210000,1,5,0
210000,1,6,0
210000,1,7,0
210000,1,8,0
210000,1,9,0
210000,1,10,0
210000,2,0,3578
210000,2,1,0
210000,2,2,0
210000,2,3,0
210000,2,4,0
210000,2,5,0
210000,2,6,0
210000,2,7,0
210000,2,8,0
210000,2,9,0
210000,2,10,0
210000,3,0,329
210000,3,1,1344
210000,3,2,0
210000,3,3,0
210000,3,4,0
210000,3,5,0
210000,3,6,0
210000,3,7,0
210000,3,8,0
210000,3,9,0
210000,3,10,0
210000,4,0,0
210000,4,1,1480
210000,4,2,763
210000,4,3,244
210000,4,4,44
210000,4,5,0
210000,4,6,0
210000,4,7,0
210000,4,8,0
210000,4,9,0
210000,4,10,0
210000,5,0,79
210000,5,1,219
210000,5,2,381
210000,5,3,461
210000,5,4,235
210000,5,5,61
210000,5,6,18
210000,5,7,10
210000,5,8,0
210000,5,9,6
210000,5,10,0
210000,6,0,644
210000,6,1,579
210000,6,2,1696
210000,6,3,3204
210000,6,4,2624
210000,6,5,1676
210000,6,6,896
210000,6,7,493
210000,6,8,284
210000,6,9,323
210000,6,10,330
210000,7,0,317
210000,7,1,225
210000,7,2,832
210000,7,3,1539
210000,7,4,1107
210000,7,5,736
210000,7,6,375
210000,7,7,267
210000,7,8,156
210000,7,9,189
210000,7,10,257
210000,8,0,142
210000,8,1,207
210000,8,2,1331
210000,8,3,1535
210000,8,4,896
210000,8,5,493
210000,8,6,225
210000,8,7,83
210000,8,8,62
210000,8,9,64
210000,8,10,72
210000,9,0,81
210000,9,1,146
210000,9,2,1463
210000,9,3,1055
210000,9,4,615
210000,9,5,252
210000,9,6,110
210000,9,7,57
210000,9,8,31
210000,9,9,23
210000,9,10,38
210000,10,0,20
210000,10,1,36
210000,10,2,358
210000,10,3,259
210000,10,4,151
210000,10,5,62
210000,10,6,27
210000,10,7,14
210000,10,8,8
210000,10,9,6
210000,10,10,9
217000,1,0,5015
217000,1,1,0
217000,1,2,0
217000,1,3,0
217000,1,4,0
217000,1,5,0
217000,1,6,0
217000,1,7,0
217000,1,8,0
217000,1,9,0
217000,1,10,0
217000,2,0,4685
217000,2,1,0
217000,2,2,0
217000,2,3,0
217000,2,4,0
217000,2,5,0
217000,2,6,0
217000,2,7,0
217000,2,8,0
217000,2,9,0
217000,2,10,0
217000,3,0,461
217000,3,1,1912
217000,3,2,0
217000,3,3,0
217000,3,4,0
217000,3,5,0
217000,3,6,0
217000,3,7,0
217000,3,8,0
217000,3,9,0
217000,3,10,0
217000,4,0,0
217000,4,1,2338
217000,4,2,1449
217000,4,3,451
217000,4,4,80
217000,4,5,19
217000,4,6,0
217000,4,7,0
217000,4,8,0
217000,4,9,0
217000,4,10,0
217000,5,0,106
217000,5,1,275
217000,5,2,755
217000,5,3,924
217000,5,4,384
217000,5,5,106
217000,5,6,32
217000,5,7,16
217000,5,8,0
217000,5,9,0
217000,5,10,0
217000,6,0,727
217000,6,1,713
217000,6,2,2608
217000,6,3,5355
217000,6,4,4092
217000,6,5,2219
217000,6,6,1058
217000,6,7,554
217000,6,8,341
217000,6,9,360
217000,6,10,427
217000,7,0,425
217000,7,1,374
217000,7,2,1441
217000,7,3,2885
217000,7,4,1993
217000,7,5,1169
217000,7,6,557
217000,7,7,311
217000,7,8,209
217000,7,9,188
217000,7,10,281
217000,8,0,191
217000,8,1,275
217000,8,2,2343
217000,8,3,2533
217000,8,4,1283
217000,8,5,603
217000,8,6,253
217000,8,7,128
217000,8,8,51
217000,8,9,75
217000,8,10,88
217000,9,0,120
217000,9,1,223
217000,9,2,2658
217000,9,3,1927
217000,9,4,978
217000,9,5,300
217000,9,6,138
217000,9,7,57
217000,9,8,27
217000,9,9,34
217000,9,10,46
217000,10,0,33
217000,10,1,61
217000,10,2,724
217000,10,3,525
217000,10,4,267
217000,10,5,82
217000,10,6,38
217000,10,7,15
217000,10,8,7
217000,10,9,9
217000,10,10,12
219000,1,0,4795
219000,1,1,0
219000,1,2,0
219000,1,3,0
219000,1,4,0
219000,1,5,0
219000,1,6,0
219000,1,7,0
219000,1,8,0
219000,1,9,0
219000,1,10,0
219000,2,0,4431
219000,2,1,0
219000,2,2,0
219000,2,3,0
219000,2,4,0
219000,2,5,0
219000,2,6,0
219000,2,7,0
219000,2,8,0
219000,2,9,0
219000,2,10,0
219000,3,0,437
219000,3,1,1756
219000,3,2,0
219000,3,3,0
219000,3,4,0
219000,3,5,0
219000,3,6,0
219000,3,7,0
219000,3,8,0
219000,3,9,0
219000,3,10,0
219000,4,0,0
219000,4,1,2258
219000,4,2,1567
219000,4,3,597
219000,4,4,98
219000,4,5,26
219000,4,6,0
219000,4,7,0
219000,4,8,0
219000,4,9,0
219000,4,10,0
219000,5,0,108
219000,5,1,355
219000,5,2,774
219000,5,3,1042
219000,5,4,473
219000,5,5,188
219000,5,6,34
219000,5,7,13
219000,5,8,6
219000,5,9,0
219000,5,10,0
219000,6,0,648
219000,6,1,705
219000,6,2,1909
219000,6,3,4551
219000,6,4,3921
219000,6,5,2466
219000,6,6,1217
219000,6,7,711
219000,6,8,374
219000,6,9,368
219000,6,10,386
219000,7,0,296
219000,7,1,272
219000,7,2,886
219000,7,3,1973
219000,7,4,1697
219000,7,5,1051
219000,7,6,532
219000,7,7,274
219000,7,8,186
219000,7,9,174
219000,7,10,240
219000,8,0,89
219000,8,1,189
219000,8,2,1442
219000,8,3,1630
219000,8,4,913
219000,8,5,406
219000,8,6,188
219000,8,7,84
219000,8,8,46
219000,8,9,46
219000,8,10,45
219000,9,0,58
219000,9,1,114
219000,9,2,1649
219000,9,3,1234
219000,9,4,649
219000,9,5,223
219000,9,6,93
219000,9,7,33
219000,9,8,19
219000,9,9,16
219000,9,10,21
219000,10,0,17
219000,10,1,32
219000,10,2,472
219000,10,3,353
219000,10,4,186
219000,10,5,64
219000,10,6,27
219000,10,7,10
219000,10,8,5
219000,10,9,5
219000,10,10,6
223000,1,0,1905
223000,1,1,0
223000,1,2,0
223000,1,3,0
223000,1,4,0
223000,1,5,0
223000,1,6,0
223000,1,7,0
223000,1,8,0
223000,1,9,0
223000,1,10,0
223000,2,0,2056
223000,2,1,0
223000,2,2,0
223000,2,3,0
223000,2,4,0
223000,2,5,0
223000,2,6,0
223000,2,7,0
223000,2,8,0
223000,2,9,0
223000,2,10,0
223000,3,0,249
223000,3,1,819
223000,3,2,0
223000,3,3,0
223000,3,4,0
223000,3,5,0
223000,3,6,0
223000,3,7,0
223000,3,8,0
223000,3,9,0
223000,3,10,0
223000,4,0,0
223000,4,1,927
223000,4,2,378
223000,4,3,117
223000,4,4,19
223000,4,5,0
223000,4,6,0
223000,4,7,0
223000,4,8,0
223000,4,9,0
223000,4,10,0
223000,5,0,91
223000,5,1,76
223000,5,2,162
223000,5,3,195
223000,5,4,101
223000,5,5,38
223000,5,6,14
223000,5,7,0
223000,5,8,0
223000,5,9,0
223000,5,10,0
223000,6,0,471
223000,6,1,280
223000,6,2,623
223000,6,3,1110
223000,6,4,1167
223000,6,5,868
223000,6,6,638
223000,6,7,421
223000,6,8,332
223000,6,9,347
223000,6,10,635
223000,7,0,256
223000,7,1,130
223000,7,2,321
223000,7,3,653
223000,7,4,617
223000,7,5,460
223000,7,6,307
223000,7,7,180
223000,7,8,133
223000,7,9,166
223000,7,10,345
223000,8,0,137
223000,8,1,143
223000,8,2,628
223000,8,3,768
223000,8,4,502
223000,8,5,295
223000,8,6,171
223000,8,7,103
223000,8,8,51
223000,8,9,78
223000,8,10,129
223000,9,0,107
223000,9,1,155
223000,9,2,957
223000,9,3,796
223000,9,4,500
223000,9,5,220
223000,9,6,112
223000,9,7,78
223000,9,8,41
223000,9,9,55
223000,9,10,65
223000,10,0,35
223000,10,1,51
223000,10,2,316
223000,10,3,263
223000,10,4,165
223000,10,5,72
223000,10,6,37
223000,10,7,26
223000,10,8,13
223000,10,9,18
223000,10,10,21
230000,1,0,5352
230000,1,1,0
230000,1,2,0
230000,1,3,0
230000,1,4,0
230000,1,5,0
230000,1,6,0
230000,1,7,0
230000,1,8,0
230000,1,9,0
230000,1,10,0
230000,2,0,5092
230000,2,1,0
230000,2,2,0
230000,2,3,0
230000,2,4,0
230000,2,5,0
230000,2,6,0
230000,2,7,0
230000,2,8,0
230000,2,9,0
230000,2,10,0
230000,3,0,766
230000,3,1,1771
230000,3,2,0
230000,3,3,0
230000,3,4,0
230000,3,5,0
230000,3,6,0
230000,3,7,0
230000,3,8,0
230000,3,9,0
230000,3,10,0
230000,4,0,0
230000,4,1,2652
230000,4,2,1105
230000,4,3,258
230000,4,4,35
230000,4,5,10
230000,4,6,0
230000,4,7,0
230000,4,8,0
230000,4,9,0
230000,4,10,0
230000,5,0,149
230000,5,1,339
230000,5,2,465
230000,5,3,458
230000,5,4,246
230000,5,5,77
230000,5,6,35
230000,5,7,13
230000,5,8,10
230000,5,9,0
230000,5,10,0
230000,6,0,1016
230000,6,1,679
230000,6,2,1396
230000,6,3,2728
230000,6,4,2705
230000,6,5,2384
230000,6,6,1565
230000,6,7,1162
230000,6,8,768
230000,6,9,939
230000,6,10,1563
230000,7,0,568
230000,7,1,340
230000,7,2,692
230000,7,3,1458
230000,7,4,1258
230000,7,5,1076
230000,7,6,620
230000,7,7,486
230000,7,8,345
230000,7,9,416
230000,7,10,734
230000,8,0,214
230000,8,1,297
230000,8,2,1306
230000,8,3,1471
230000,8,4,998
230000,8,5,590
230000,8,6,350
230000,8,7,189
230000,8,8,129
230000,8,9,139
230000,8,10,263
230000,9,0,185
230000,9,1,250
230000,9,2,1597
230000,9,3,1261
230000,9,4,884
230000,9,5,473
230000,9,6,265
230000,9,7,160
230000,9,8,87
230000,9,9,103
230000,9,10,136
230000,10,0,72
230000,10,1,98
230000,10,2,626
230000,10,3,494
230000,10,4,346
230000,10,5,185
230000,10,6,104
230000,10,7,63
230000,10,8,34
230000,10,9,40
230000,10,10,53
240000,1,0,4631
240000,1,1,0
240000,1,2,0
240000,1,3,0
240000,1,4,0
240000,1,5,0
240000,1,6,0
240000,1,7,0
240000,1,8,0
240000,1,9,0
240000,1,10,0
240000,2,0,3984
240000,2,1,0
240000,2,2,0
240000,2,3,0
240000,2,4,0
240000,2,5,0
240000,2,6,0
240000,2,7,0
240000,2,8,0
240000,2,9,0
240000,2,10,0
240000,3,0,346
240000,3,1,1610
240000,3,2,0
240000,3,3,0
240000,3,4,0
240000,3,5,0
240000,3,6,0
240000,3,7,0
240000,3,8,0
240000,3,9,0
240000,3,10,0
240000,4,0,0
240000,4,1,1689
240000,4,2,872
240000,4,3,337
240000,4,4,50
240000,4,5,0
240000,4,6,0
240000,4,7,0
240000,4,8,0
240000,4,9,0
240000,4,10,0
240000,5,0,37
240000,5,1,162
240000,5,2,363
240000,5,3,613
240000,5,4,323
240000,5,5,120
240000,5,6,42
240000,5,7,11
240000,5,8,0
240000,5,9,0
240000,5,10,0
240000,6,0,413
240000,6,1,478
240000,6,2,1475
240000,6,3,3898
240000,6,4,3859
240000,6,5,2346
240000,6,6,1248
240000,6,7,650
240000,6,8,406
240000,6,9,321
240000,6,10,305
240000,7,0,185
240000,7,1,227
240000,7,2,685
240000,7,3,1533
240000,7,4,1377
240000,7,5,956
240000,7,6,446
240000,7,7,284
240000,7,8,147
240000,7,9,140
240000,7,10,149
240000,8,0,64
240000,8,1,119
240000,8,2,1256
240000,8,3,1245
240000,8,4,727
240000,8,5,312
240000,8,6,145
240000,8,7,62
240000,8,8,31
240000,8,9,30
240000,8,10,17
240000,9,0,36
240000,9,1,112
240000,9,2,1652
240000,9,3,1044
240000,9,4,566
240000,9,5,166
240000,9,6,48
240000,9,7,11
240000,9,8,16
240000,9,9,11
240000,9,10,15
240000,10,0,8
240000,10,1,24
240000,10,2,359
240000,10,3,227
240000,10,4,123
240000,10,5,36
240000,10,6,10
240000,10,7,2
240000,10,8,4
240000,10,9,3
240000,10,10,3
250000,1,0,3466
250000,1,1,0
250000,1,2,0
250000,1,3,0
250000,1,4,0
250000,1,5,0
250000,1,6,0
250000,1,7,0
250000,1,8,0
250000,1,9,0
250000,1,10,0
250000,2,0,3476
250000,2,1,0
250000,2,2,0
250000,2,3,0
250000,2,4,0
250000,2,5,0
250000,2,6,0
250000,2,7,0
250000,2,8,0
250000,2,9,0
250000,2,10,0
250000,3,0,349
250000,3,1,1461
250000,3,2,0
250000,3,3,0
250000,3,4,0
250000,3,5,0
250000,3,6,0
250000,3,7,0
250000,3,8,0
250000,3,9,0
250000,3,10,0
250000,4,0,0
250000,4,1,1522
250000,4,2,1046
250000,4,3,398
250000,4,4,75
250000,4,5,13
250000,4,6,0
250000,4,7,0
250000,4,8,0
250000,4,9,0
250000,4,10,0
250000,5,0,61
250000,5,1,166
250000,5,2,459
250000,5,3,734
250000,5,4,317
250000,5,5,97
250000,5,6,28
250000,5,7,8
250000,5,8,0
250000,5,9,0
250000,5,10,0
250000,6,0,392
250000,6,1,537
250000,6,2,1764
250000,6,3,4048
250000,6,4,3288
250000,6,5,1799
250000,6,6,842
250000,6,7,395
250000,6,8,233
250000,6,9,204
250000,6,10,187
250000,7,0,241
250000,7,1,265
250000,7,2,1062
250000,7,3,2092
250000,7,4,1691
250000,7,5,919
250000,7,6,437
250000,7,7,222
250000,7,8,105
250000,7,9,132
250000,7,10,109
250000,8,0,95
250000,8,1,153
250000,8,2,1923
250000,8,3,1882
250000,8,4,944
250000,8,5,377
250000,8,6,144
250000,8,7,57
250000,8,8,30
250000,8,9,19
250000,8,10,38
250000,9,0,50
250000,9,1,125
250000,9,2,2298
250000,9,3,1373
250000,9,4,561
250000,9,5,162
250000,9,6,61
250000,9,7,27
250000,9,8,11
250000,9,9,19
250000,9,10,10
250000,10,0,12
250000,10,1,30
250000,10,2,546
250000,10,3,326
250000,10,4,134
250000,10,5,39
250000,10,6,14
250000,10,7,7
250000,10,8,3
250000,10,9,5
250000,10,10,2
253000,1,0,4832
253000,1,1,0
253000,1,2,0
253000,1,3,0
253000,1,4,0
253000,1,5,0
253000,1,6,0
253000,1,7,0
253000,1,8,0
253000,1,9,0
253000,1,10,0
253000,2,0,4445
253000,2,1,0
253000,2,2,0
253000,2,3,0
253000,2,4,0
253000,2,5,0
253000,2,6,0
253000,2,7,0
253000,2,8,0
253000,2,9,0
253000,2,10,0
253000,3,0,405
253000,3,1,1596
253000,3,2,0
253000,3,3,0
253000,3,4,0
253000,3,5,0
253000,3,6,0
253000,3,7,0
253000,3,8,0
253000,3,9,0
253000,3,10,0
253000,4,0,0
253000,4,1,1857
253000,4,2,1106
253000,4,3,381
253000,4,4,69
253000,4,5,16
253000,4,6,5
253000,4,7,0
253000,4,8,0
253000,4,9,0
253000,4,10,0
253000,5,0,97
253000,5,1,265
253000,5,2,485
253000,5,3,735
253000,5,4,347
253000,5,5,115
253000,5,6,41
253000,5,7,8
253000,5,8,0
253000,5,9,0
253000,5,10,0
253000,6,0,527
253000,6,1,770
253000,6,2,1939
253000,6,3,4529
253000,6,4,3801
253000,6,5,2192
253000,6,6,1173
253000,6,7,673
253000,6,8,352
253000,6,9,333
253000,6,10,363
253000,7,0,231
253000,7,1,323
253000,7,2,896
253000,7,3,1921
253000,7,4,1535
253000,7,5,907
253000,7,6,480
253000,7,7,251
253000,7,8,163
253000,7,9,172
253000,7,10,158
253000,8,0,93
253000,8,1,184
253000,8,2,1746
253000,8,3,1618
253000,8,4,892
253000,8,5,341
253000,8,6,164
253000,8,7,70
253000,8,8,37
253000,8,9,22
253000,8,10,41
253000,9,0,53
253000,9,1,140
253000,9,2,2323
253000,9,3,1281
253000,9,4,655
253000,9,5,189
253000,9,6,59
253000,9,7,21
253000,9,8,13
253000,9,9,16
253000,9,10,13
253000,10,0,11
253000,10,1,31
253000,10,2,509
253000,10,3,280
253000,10,4,143
253000,10,5,41
253000,10,6,13
253000,10,7,4
253000,10,8,3
253000,10,9,4
253000,10,10,3
259000,1,0,5449
259000,1,1,0
259000,1,2,0
259000,1,3,0
259000,1,4,0
259000,1,5,0
259000,1,6,0
259000,1,7,0
259000,1,8,0
259000,1,9,0
259000,1,10,0
259000,2,0,4733
259000,2,1,0
259000,2,2,0
259000,2,3,0
259000,2,4,0
259000,2,5,0
259000,2,6,0
259000,2,7,0
259000,2,8,0
259000,2,9,0
259000,2,10,0
259000,3,0,455
259000,3,1,1997
259000,3,2,0
259000,3,3,0
259000,3,4,0
259000,3,5,0
259000,3,6,0
259000,3,7,0
259000,3,8,0
259000,3,9,0
259000,3,10,0
259000,4,0,0
259000,4,1,2398
259000,4,2,1631
259000,4,3,563
259000,4,4,113
259000,4,5,24
259000,4,6,0
259000,4,7,0
259000,4,8,0
259000,4,9,0
259000,4,10,0
259000,5,0,138
259000,5,1,356
259000,5,2,947
259000,5,3,1181
259000,5,4,555
259000,5,5,153
259000,5,6,50
259000,5,7,12
259000,5,8,7
259000,5,9,0
259000,5,10,0
259000,6,0,707
259000,6,1,814
259000,6,2,2823
259000,6,3,6247
259000,6,4,4492
259000,6,5,2447
259000,6,6,1122
259000,6,7,577
259000,6,8,328
259000,6,9,337
259000,6,10,344
259000,7,0,251
259000,7,1,255
259000,7,2,1272
259000,7,3,2890
259000,7,4,1824
259000,7,5,1029
259000,7,6,478
259000,7,7,263
259000,7,8,132
259000,7,9,146
259000,7,10,149
259000,8,0,88
259000,8,1,190
259000,8,2,2068
259000,8,3,2138
259000,8,4,944
259000,8,5,383
259000,8,6,167
259000,8,7,55
259000,8,8,29
259000,8,9,34
259000,8,10,39
259000,9,0,55
259000,9,1,160
259000,9,2,2683
259000,9,3,1568
259000,9,4,610
259000,9,5,160
259000,9,6,61
259000,9,7,27
259000,9,8,17
259000,9,9,5
259000,9,10,12
259000,10,0,13
259000,10,1,38
259000,10,2,639
259000,10,3,374
259000,10,4,145
259000,10,5,38
259000,10,6,15
259000,10,7,6
259000,10,8,4
259000,10,9,1
259000,10,10,3
260000,1,0,2140
260000,1,1,0
260000,1,2,0
260000,1,3,0
260000,1,4,0
260000,1,5,0
260000,1,6,0
260000,1,7,0
260000,1,8,0
260000,1,9,0
260000,1,10,0
260000,2,0,2219
260000,2,1,0
260000,2,2,0
260000,2,3,0
260000,2,4,0
260000,2,5,0
260000,2,6,0
260000,2,7,0
260000,2,8,0
260000,2,9,0
260000,2,10,0
260000,3,0,212
260000,3,1,846
260000,3,2,0
260000,3,3,0
260000,3,4,0
260000,3,5,0
260000,3,6,0
260000,3,7,0
260000,3,8,0
260000,3,9,0
260000,3,10,0
260000,4,0,0
260000,4,1,962
260000,4,2,643
260000,4,3,260
260000,4,4,69
260000,4,5,14
260000,4,6,0
260000,4,7,0
260000,4,8,0
260000,4,9,0
260000,4,10,0
260000,5,0,58
260000,5,1,119
260000,5,2,348
260000,5,3,466
260000,5,4,204
260000,5,5,52
260000,5,6,16
260000,5,7,0
260000,5,8,0
260000,5,9,0
260000,5,10,0
260000,6,0,291
260000,6,1,406
260000,6,2,1340
260000,6,3,3035
260000,6,4,2151
260000,6,5,1034
260000,6,6,382
260000,6,7,172
260000,6,8,84
260000,6,9,76
260000,6,10,52
260000,7,0,177
260000,7,1,183
260000,7,2,739
260000,7,3,1769
260000,7,4,1183
260000,7,5,533
260000,7,6,212
260000,7,7,92
260000,7,8,46
260000,7,9,34
260000,7,10,51
260000,8,0,71
260000,8,1,124
260000,8,2,1585
260000,8,3,1640
260000,8,4,687
260000,8,5,245
260000,8,6,101
260000,8,7,52
260000,8,8,20
260000,8,9,13
260000,8,10,13
260000,9,0,34
260000,9,1,88
260000,9,2,1700
260000,9,3,1044
260000,9,4,388
260000,9,5,103
260000,9,6,30
260000,9,7,23
260000,9,8,6
260000,9,9,8
260000,9,10,8
260000,10,0,8
260000,10,1,21
260000,10,2,403
260000,10,3,248
260000,10,4,92
260000,10,5,24
260000,10,6,7
260000,10,7,5
260000,10,8,1
260000,10,9,2
260000,10,10,2
265000,1,0,7524
265000,1,1,0
265000,1,2,0
265000,1,3,0
265000,1,4,0
265000,1,5,0
265000,1,6,0
265000,1,7,0
265000,1,8,0
265000,1,9,0
265000,1,10,0
265000,2,0,7427
265000,2,1,0
265000,2,2,0
265000,2,3,0
265000,2,4,0
265000,2,5,0
265000,2,6,0
265000,2,7,0
265000,2,8,0
265000,2,9,0
265000,2,10,0
265000,3,0,854
265000,3,1,2806
265000,3,2,0
265000,3,3,0
265000,3,4,0
265000,3,5,0
265000,3,6,0
265000,3,7,0
265000,3,8,0
265000,3,9,0
265000,3,10,0
265000,4,0,0
265000,4,1,4107
265000,4,2,2935
265000,4,3,806
265000,4,4,131
265000,4,5,35
265000,4,6,10
265000,4,7,0
265000,4,8,0
265000,4,9,0
265000,4,10,0
265000,5,0,157
265000,5,1,645
265000,5,2,1556
265000,5,3,1598
265000,5,4,697
265000,5,5,227
265000,5,6,50
265000,5,7,18
265000,5,8,14
265000,5,9,0
265000,5,10,0
265000,6,0,834
265000,6,1,1043
265000,6,2,3283
265000,6,3,7293
265000,6,4,6391
265000,6,5,3936
265000,6,6,2057
265000,6,7,1195
265000,6,8,688
265000,6,9,681
265000,6,10,792
265000,7,0,337
265000,7,1,430
265000,7,2,1475
265000,7,3,3304
265000,7,4,2741
265000,7,5,1672
265000,7,6,916
265000,7,7,547
265000,7,8,328
265000,7,9,298
265000,7,10,379
265000,8,0,145
265000,8,1,319
265000,8,2,2529
265000,8,3,2869
265000,8,4,1640
265000,8,5,718
265000,8,6,356
265000,8,7,166
265000,8,8,94
265000,8,9,78
265000,8,10,96
265000,9,0,77
265000,9,1,220
265000,9,2,3038
265000,9,3,2046
265000,9,4,1087
265000,9,5,374
265000,9,6,130
265000,9,7,74
265000,9,8,32
265000,9,9,29
265000,9,10,31
265000,10,0,23
265000,10,1,64
265000,10,2,886
265000,10,3,597
265000,10,4,317
265000,10,5,109
265000,10,6,38
265000,10,7,21
265000,10,8,9
265000,10,9,8
265000,10,10,9
269000,1,0,2539
269000,1,1,0
269000,1,2,0
269000,1,3,0
269000,1,4,0
269000,1,5,0
269000,1,6,0
269000,1,7,0
269000,1,8,0
269000,1,9,0
269000,1,10,0
269000,2,0,2175
269000,2,1,0
269000,2,2,0
269000,2,3,0
269000,2,4,0
269000,2,5,0
269000,2,6,0
269000,2,7,0
269000,2,8,0
269000,2,9,0
269000,2,10,0
269000,3,0,162
269000,3,1,831
269000,3,2,0
269000,3,3,0
269000,3,4,0
269000,3,5,0
269000,3,6,0
269000,3,7,0
269000,3,8,0
269000,3,9,0
269000,3,10,0
269000,4,0,0
269000,4,1,878
269000,4,2,493
269000,4,3,159
269000,4,4,42
269000,4,5,0
269000,4,6,0
269000,4,7,0
269000,4,8,0
269000,4,9,0
269000,4,10,0
269000,5,0,36
269000,5,1,93
269000,5,2,235
269000,5,3,363
269000,5,4,160
269000,5,5,51
269000,5,6,23
269000,5,7,7
269000,5,8,0
269000,5,9,5
269000,5,10,0
269000,6,0,196
269000,6,1,292
269000,6,2,835
269000,6,3,2046
269000,6,4,1855
269000,6,5,1130
269000,6,6,628
269000,6,7,340
269000,6,8,222
269000,6,9,211
269000,6,10,245
269000,7,0,110
269000,7,1,112
269000,7,2,352
269000,7,3,838
269000,7,4,684
269000,7,5,378
269000,7,6,200
269000,7,7,146
269000,7,8,87
269000,7,9,89
269000,7,10,118
269000,8,0,35
269000,8,1,102
269000,8,2,727
269000,8,3,721
269000,8,4,403
269000,8,5,197
269000,8,6,80
269000,8,7,35
269000,8,8,14
269000,8,9,29
269000,8,10,21
269000,9,0,35
269000,9,1,66
269000,9,2,947
269000,9,3,568
269000,9,4,300
269000,9,5,83
269000,9,6,30
269000,9,7,12
269000,9,8,7
269000,9,9,0
269000,9,10,0
269000,10,0,8
269000,10,1,14
269000,10,2,203
269000,10,3,121
269000,10,4,64
269000,10,5,18
269000,10,6,7
269000,10,7,2
269000,10,8,1
269000,10,9,0
269000,10,10,0
270000,1,0,2799
270000,1,1,0
270000,1,2,0
270000,1,3,0
270000,1,4,0
270000,1,5,0
270000,1,6,0
270000,1,7,0
270000,1,8,0
270000,1,9,0
270000,1,10,0
270000,2,0,2935
270000,2,1,0
270000,2,2,0
270000,2,3,0
270000,2,4,0
270000,2,5,0
270000,2,6,0
270000,2,7,0
270000,2,8,0
270000,2,9,0
270000,2,10,0
270000,3,0,326
270000,3,1,1254
270000,3,2,0
270000,3,3,0
270000,3,4,0
270000,3,5,0
270000,3,6,0
270000,3,7,0
270000,3,8,0
270000,3,9,0
270000,3,10,0
270000,4,0,0
270000,4,1,1237
270000,4,2,815
270000,4,3,323
270000,4,4,78
270000,4,5,12
270000,4,6,0
270000,4,7,0
270000,4,8,0
270000,4,9,0
270000,4,10,0
270000,5,0,79
270000,5,1,178
270000,5,2,419
270000,5,3,510
270000,5,4,210
270000,5,5,56
270000,5,6,16
270000,5,7,0
270000,5,8,0
270000,5,9,0
270000,5,10,0
270000,6,0,506
270000,6,1,545
270000,6,2,1640
270000,6,3,3521
270000,6,4,2659
270000,6,5,1377
270000,6,6,569
270000,6,7,292
270000,6,8,161
270000,6,9,142
270000,6,10,154
270000,7,0,303
270000,7,1,303
270000,7,2,992
270000,7,3,2081
270000,7,4,1534
270000,7,5,820
270000,7,6,364
270000,7,7,198
270000,7,8,102
270000,7,9,111
270000,7,10,125
270000,8,0,137
270000,8,1,258
270000,8,2,1896
270000,8,3,1830
270000,8,4,978
270000,8,5,437
270000,8,6,199
270000,8,7,86
270000,8,8,44
270000,8,9,50
270000,8,10,58
270000,9,0,94
270000,9,1,151
270000,9,2,2121
270000,9,3,1299
270000,9,4,661
270000,9,5,193
270000,9,6,86
270000,9,7,47
270000,9,8,18
270000,9,9,17
270000,9,10,18
270000,10,0,22
270000,10,1,36
270000,10,2,507
270000,10,3,311
270000,10,4,158
270000,10,5,46
270000,10,6,20
270000,10,7,11
270000,10,8,4
270000,10,9,4
270000,10,10,4
306000,1,0,1876
306000,1,1,0
306000,1,2,0
306000,1,3,0
306000,1,4,0
306000,1,5,0
306000,1,6,0
306000,1,7,0
306000,1,8,0
306000,1,9,0
306000,1,10,0
306000,2,0,2115
306000,2,1,0
306000,2,2,0
306000,2,3,0
306000,2,4,0
306000,2,5,0
306000,2,6,0
306000,2,7,0
306000,2,8,0
306000,2,9,0
306000,2,10,0
306000,3,0,199
306000,3,1,846
306000,3,2,0
306000,3,3,0
306000,3,4,0
306000,3,5,0
306000,3,6,0
306000,3,7,0
306000,3,8,0
306000,3,9,0
306000,3,10,0
306000,4,0,0
306000,4,1,851
306000,4,2,699
306000,4,3,257
306000,4,4,62
306000,4,5,13
306000,4,6,0
306000,4,7,0
306000,4,8,0
306000,4,9,0
306000,4,10,0
306000,5,0,41
306000,5,1,125
306000,5,2,394
306000,5,3,474
306000,5,4,153
306000,5,5,52
306000,5,6,13
306000,5,7,0
306000,5,8,0
306000,5,9,0
306000,5,10,0
306000,6,0,337
306000,6,1,397
306000,6,2,1671
306000,6,3,3241
306000,6,4,1663
306000,6,5,747
306000,6,6,275
306000,6,7,120
306000,6,8,49
306000,6,9,49
306000,6,10,53
306000,7,0,204
306000,7,1,233
306000,7,2,1052
306000,7,3,2045
306000,7,4,1046
306000,7,5,494
306000,7,6,172
306000,7,7,84
306000,7,8,46
306000,7,9,33
306000,7,10,40
306000,8,0,90
306000,8,1,119
306000,8,2,2178
306000,8,3,1936
306000,8,4,798
306000,8,5,277
306000,8,6,93
306000,8,7,39
306000,8,8,22
306000,8,9,21
306000,8,10,30
306000,9,0,46
306000,9,1,79
306000,9,2,2150
306000,9,3,1144
306000,9,4,510
306000,9,5,121
306000,9,6,42
306000,9,7,22
306000,9,8,0
306000,9,9,11
306000,9,10,0
306000,10,0,12
306000,10,1,20
306000,10,2,535
306000,10,3,285
306000,10,4,127
306000,10,5,30
306000,10,6,11
306000,10,7,5
306000,10,8,0
306000,10,9,3
306000,10,10,0
316000,1,0,6021
316000,1,1,0
316000,1,2,0
316000,1,3,0
316000,1,4,0
316000,1,5,0
316000,1,6,0
316000,1,7,0
316000,1,8,0
316000,1,9,0
316000,1,10,0
316000,2,0,5892
316000,2,1,0
316000,2,2,0
316000,2,3,0
316000,2,4,0
316000,2,5,0
316000,2,6,0
316000,2,7,0
316000,2,8,0
316000,2,9,0
316000,2,10,0
316000,3,0,637
316000,3,1,2260
316000,3,2,0
316000,3,3,0
316000,3,4,0
316000,3,5,0
316000,3,6,0
316000,3,7,0
316000,3,8,0
316000,3,9,0
316000,3,10,0
316000,4,0,0
316000,4,1,2627
316000,4,2,1827
316000,4,3,658
316000,4,4,155
316000,4,5,34
316000,4,6,11
316000,4,7,0
316000,4,8,0
316000,4,9,0
316000,4,10,0
316000,5,0,116
316000,5,1,409
316000,5,2,1061
316000,5,3,1281
316000,5,4,547
316000,5,5,167
316000,5,6,50
316000,5,7,12
316000,5,8,0
316000,5,9,0
316000,5,10,0
316000,6,0,658
316000,6,1,969
316000,6,2,3628
316000,6,3,7426
316000,6,4,5155
316000,6,5,2516
316000,6,6,1121
316000,6,7,539
316000,6,8,300
316000,6,9,266
316000,6,10,237
316000,7,0,287
316000,7,1,384
316000,7,2,1767
316000,7,3,3595
316000,7,4,2178
316000,7,5,1243
316000,7,6,539
316000,7,7,256
316000,7,8,167
316000,7,9,139
316000,7,10,163
316000,8,0,128
316000,8,1,227
316000,8,2,2944
316000,8,3,2950
316000,8,4,1353
316000,8,5,527
316000,8,6,228
316000,8,7,102
316000,8,8,48
316000,8,9,63
316000,8,10,59
316000,9,0,64
316000,9,1,132
316000,9,2,3017
316000,9,3,1621
316000,9,4,751
316000,9,5,211
316000,9,6,75
316000,9,7,26
316000,9,8,20
316000,9,9,10
316000,9,10,17
316000,10,0,17
316000,10,1,35
316000,10,2,796
316000,10,3,428
316000,10,4,198
316000,10,5,56
316000,10,6,20
316000,10,7,7
316000,10,8,5
316000,10,9,3
316000,10,10,4
320000,1,0,2834
320000,1,1,0
320000,1,2,0
320000,1,3,0
320000,1,4,0
320000,1,5,0
320000,1,6,0
320000,1,7,0
320000,1,8,0
320000,1,9,0
320000,1,10,0
320000,2,0,2709
320000,2,1,0
320000,2,2,0
320000,2,3,0
320000,2,4,0
320000,2,5,0
320000,2,6,0
320000,2,7,0
320000,2,8,0
320000,2,9,0
320000,2,10,0
320000,3,0,333
320000,3,1,1093
320000,3,2,0
320000,3,3,0
320000,3,4,0
320000,3,5,0
320000,3,6,0
320000,3,7,0
320000,3,8,0
320000,3,9,0
320000,3,10,0
320000,4,0,0
320000,4,1,1223
320000,4,2,786
320000,4,3,313
320000,4,4,77
320000,4,5,10
320000,4,6,0
320000,4,7,0
320000,4,8,0
320000,4,9,0
320000,4,10,0
320000,5,0,81
320000,5,1,186
320000,5,2,478
320000,5,3,670
320000,5,4,234
320000,5,5,71
320000,5,6,20
320000,5,7,7
320000,5,8,0
320000,5,9,0
320000,5,10,0
320000,6,0,378
320000,6,1,601
320000,6,2,1962
320000,6,3,4110
320000,6,4,2486
320000,6,5,1149
320000,6,6,482
320000,6,7,228
320000,6,8,104
320000,6,9,99
320000,6,10,97
320000,7,0,187
320000,7,1,229
320000,7,2,966
320000,7,3,2137
320000,7,4,1184
320000,7,5,548
320000,7,6,265
320000,7,7,95
320000,7,8,52
320000,7,9,63
320000,7,10,67
320000,8,0,67
320000,8,1,119
320000,8,2,1701
320000,8,3,1653
320000,8,4,653
320000,8,5,244
320000,8,6,103
320000,8,7,44
320000,8,8,21
320000,8,9,17
320000,8,10,20
320000,9,0,33
320000,9,1,90
320000,9,2,1686
320000,9,3,925
320000,9,4,338
320000,9,5,89
320000,9,6,28
320000,9,7,6
320000,9,8,0
320000,9,9,9
320000,9,10,0
320000,10,0,9
320000,10,1,25
320000,10,2,465
320000,10,3,255
320000,10,4,93
320000,10,5,25
320000,10,6,8
320000,10,7,2
320000,10,8,0
320000,10,9,2
320000,10,10,0
326000,1,0,3445
326000,1,1,0
326000,1,2,0
326000,1,3,0
326000,1,4,0
326000,1,5,0
326000,1,6,0
326000,1,7,0
326000,1,8,0
326000,1,9,0
326000,1,10,0
326000,2,0,3568
326000,2,1,0
326000,2,2,0
326000,2,3,0
326000,2,4,0
326000,2,5,0
326000,2,6,0
326000,2,7,0
326000,2,8,0
326000,2,9,0
326000,2,10,0
326000,3,0,413
326000,3,1,1403
326000,3,2,0
326000,3,3,0
326000,3,4,0
326000,3,5,0
326000,3,6,0
326000,3,7,0
326000,3,8,0
326000,3,9,0
326000,3,10,0
326000,4,0,0
326000,4,1,1537
326000,4,2,1153
326000,4,3,454
326000,4,4,119
326000,4,5,37
326000,4,6,0
326000,4,7,0
326000,4,8,0
326000,4,9,0
326000,4,10,0
326000,5,0,75
326000,5,1,225
326000,5,2,653
326000,5,3,772
326000,5,4,318
326000,5,5,170
326000,5,6,36
326000,5,7,14
326000,5,8,0
326000,5,9,0
326000,5,10,0
326000,6,0,456
326000,6,1,585
326000,6,2,2390
326000,6,3,4612
326000,6,4,3047
326000,6,5,1796
326000,6,6,735
326000,6,7,308
326000,6,8,135
326000,6,9,111
326000,6,10,66
326000,7,0,229
326000,7,1,263
326000,7,2,1367
326000,7,3,2580
326000,7,4,1558
326000,7,5,883
326000,7,6,316
326000,7,7,165
326000,7,8,75
326000,7,9,63
326000,7,10,68
326000,8,0,109
326000,8,1,164
326000,8,2,2488
326000,8,3,2298
326000,8,4,877
326000,8,5,318
326000,8,6,130
326000,8,7,57
326000,8,8,35
326000,8,9,26
326000,8,10,19
326000,9,0,40
326000,9,1,89
326000,9,2,2533
326000,9,3,1263
326000,9,4,495
326000,9,5,128
326000,9,6,46
326000,9,7,21
326000,9,8,10
326000,9,9,4
326000,9,10,13
326000,10,0,11
326000,10,1,24
326000,10,2,676
326000,10,3,337
326000,10,4,132
326000,10,5,34
326000,10,6,12
326000,10,7,6
326000,10,8,3
326000,10,9,1
326000,10,10,3
329000,1,0,3051
329000,1,1,0
329000,1,2,0
329000,1,3,0
329000,1,4,0
329000,1,5,0
329000,1,6,0
329000,1,7,0
329000,1,8,0
329000,1,9,0
329000,1,10,0
329000,2,0,2794
329000,2,1,0
329000,2,2,0
329000,2,3,0
329000,2,4,0
329000,2,5,0
329000,2,6,0
329000,2,7,0
329000,2,8,0
329000,2,9,0
329000,2,10,0
329000,3,0,308
329000,3,1,1053
329000,3,2,0
329000,3,3,0
329000,3,4,0
329000,3,5,0
329000,3,6,0
329000,3,7,0
329000,3,8,0
329000,3,9,0
329000,3,10,0
329000,4,0,0
329000,4,1,1218
329000,4,2,1016
329000,4,3,359
329000,4,4,84
329000,4,5,20
329000,4,6,5
329000,4,7,0
329000,4,8,0
329000,4,9,0
329000,4,10,0
329000,5,0,75
329000,5,1,215
329000,5,2,593
329000,5,3,739
329000,5,4,314
329000,5,5,101
329000,5,6,25
329000,5,7,10
329000,5,8,0
329000,5,9,0
329000,5,10,0
329000,6,0,415
329000,6,1,560
329000,6,2,1945
329000,6,3,4061
329000,6,4,2727
329000,6,5,1321
329000,6,6,543
329000,6,7,261
329000,6,8,139
329000,6,9,143
329000,6,10,85
329000,7,0,139
329000,7,1,172
329000,7,2,832
329000,7,3,1712
329000,7,4,1079
329000,7,5,500
329000,7,6,215
329000,7,7,111
329000,7,8,68
329000,7,9,64
329000,7,10,63
329000,8,0,34
329000,8,1,96
329000,8,2,1271
329000,8,3,1185
329000,8,4,542
329000,8,5,211
329000,8,6,96
329000,8,7,31
329000,8,8,21
329000,8,9,17
329000,8,10,28
329000,9,0,25
329000,9,1,76
329000,9,2,1333
329000,9,3,693
329000,9,4,258
329000,9,5,59
329000,9,6,24
329000,9,7,8
329000,9,8,5
329000,9,9,8
329000,9,10,9
329000,10,0,8
329000,10,1,22
329000,10,2,394
329000,10,3,205
329000,10,4,76
329000,10,5,18
329000,10,6,7
329000,10,7,3
329000,10,8,2
329000,10,9,3
329000,10,10,3
330000,1,0,6248
330000,1,1,0
330000,1,2,0
330000,1,3,0
330000,1,4,0
330000,1,5,0
330000,1,6,0
330000,1,7,0
330000,1,8,0
330000,1,9,0
330000,1,10,0
330000,2,0,5633
330000,2,1,0
330000,2,2,0
330000,2,3,0
330000,2,4,0
330000,2,5,0
330000,2,6,0
330000,2,7,0
330000,2,8,0
330000,2,9,0
330000,2,10,0
330000,3,0,698
330000,3,1,2117
330000,3,2,0
330000,3,3,0
330000,3,4,0
330000,3,5,0
330000,3,6,0
330000,3,7,0
330000,3,8,0
330000,3,9,0
330000,3,10,0
330000,4,0,0
330000,4,1,2912
330000,4,2,2458
330000,4,3,892
330000,4,4,210
330000,4,5,65
330000,4,6,0
330000,4,7,0
330000,4,8,0
330000,4,9,0
330000,4,10,0
330000,5,0,100
330000,5,1,560
330000,5,2,1584
330000,5,3,1821
330000,5,4,733
330000,5,5,174
330000,5,6,60
330000,5,7,14
330000,5,8,8
330000,5,9,0
330000,5,10,0
330000,6,0,742
330000,6,1,1057
330000,6,2,4531
330000,6,3,8433
330000,6,4,4972
330000,6,5,2438
330000,6,6,903
330000,6,7,428
330000,6,8,195
330000,6,9,153
330000,6,10,142
330000,7,0,288
330000,7,1,393
330000,7,2,2148
330000,7,3,4151
330000,7,4,2289
330000,7,5,1156
330000,7,6,440
330000,7,7,194
330000,7,8,96
330000,7,9,101
330000,7,10,92
330000,8,0,116
330000,8,1,217
330000,8,2,3358
330000,8,3,3342
330000,8,4,1388
330000,8,5,510
330000,8,6,196
330000,8,7,77
330000,8,8,41
330000,8,9,37
330000,8,10,40
330000,9,0,53
330000,9,1,126
330000,9,2,3474
330000,9,3,2016
330000,9,4,828
330000,9,5,239
330000,9,6,67
330000,9,7,25
330000,9,8,8
330000,9,9,10
330000,9,10,13
330000,10,0,15
330000,10,1,35
330000,10,2,971
330000,10,3,564
330000,10,4,231
330000,10,5,67
330000,10,6,19
330000,10,7,7
330000,10,8,2
330000,10,9,3
330000,10,10,4
336000,1,0,1799
336000,1,1,0
336000,1,2,0
336000,1,3,0
336000,1,4,0
336000,1,5,0
336000,1,6,0
336000,1,7,0
336000,1,8,0
336000,1,9,0
336000,1,10,0
336000,2,0,1787
336000,2,1,0
336000,2,2,0
336000,2,3,0
336000,2,4,0
336000,2,5,0
336000,2,6,0
336000,2,7,0
336000,2,8,0
336000,2,9,0
336000,2,10,0
336000,3,0,170
336000,3,1,679
336000,3,2,0
336000,3,3,0
336000,3,4,0
336000,3,5,0
336000,3,6,0
336000,3,7,0
336000,3,8,0
336000,3,9,0
336000,3,10,0
336000,4,0,0
336000,4,1,675
336000,4,2,470
336000,4,3,175
336000,4,4,41
336000,4,5,9
336000,4,6,0
336000,4,7,0
336000,4,8,0
336000,4,9,0
336000,4,10,0
336000,5,0,25
336000,5,1,101
336000,5,2,260
336000,5,3,326
336000,5,4,124
336000,5,5,33
336000,5,6,8
336000,5,7,0
336000,5,8,0
336000,5,9,0
336000,5,10,0
336000,6,0,245
336000,6,1,267
336000,6,2,1098
336000,6,3,2300
336000,6,4,1639
336000,6,5,805
336000,6,6,342
336000,6,7,189
336000,6,8,82
336000,6,9,76
336000,6,10,61
336000,7,0,141
336000,7,1,146
336000,7,2,613
336000,7,3,1286
336000,7,4,796
336000,7,5,436
336000,7,6,154
336000,7,7,85
336000,7,8,50
336000,7,9,42
336000,7,10,52
336000,8,0,65
336000,8,1,92
336000,8,2,1136
336000,8,3,1090
336000,8,4,455
336000,8,5,178
336000,8,6,63
336000,8,7,26
336000,8,8,20
336000,8,9,12
336000,8,10,19
336000,9,0,35
336000,9,1,59
336000,9,2,1226
336000,9,3,622
336000,9,4,273
336000,9,5,76
336000,9,6,31
336000,9,7,12
336000,9,8,7
336000,9,9,6
336000,9,10,4
336000,10,0,9
336000,10,1,15
336000,10,2,312
336000,10,3,158
336000,10,4,70
336000,10,5,19
336000,10,6,8
336000,10,7,3
336000,10,8,2
336000,10,9,1
336000,10,10,1
340000,1,0,2538
340000,1,1,0
340000,1,2,0
340000,1,3,0
340000,1,4,0
340000,1,5,0
340000,1,6,0
340000,1,7,0
340000,1,8,0
340000,1,9,0
340000,1,10,0
340000,2,0,2436
340000,2,1,0
340000,2,2,0
340000,2,3,0
340000,2,4,0
340000,2,5,0
340000,2,6,0
340000,2,7,0
340000,2,8,0
340000,2,9,0
340000,2,10,0
340000,3,0,293
340000,3,1,948
340000,3,2,0
340000,3,3,0
340000,3,4,0
340000,3,5,0
340000,3,6,0
340000,3,7,0
340000,3,8,0
340000,3,9,0
340000,3,10,0
340000,4,0,0
340000,4,1,973
340000,4,2,613
340000,4,3,265
340000,4,4,52
340000,4,5,19
340000,4,6,0
340000,4,7,0
340000,4,8,0
340000,4,9,0
340000,4,10,0
340000,5,0,38
340000,5,1,143
340000,5,2,398
340000,5,3,485
340000,5,4,188
340000,5,5,63
340000,5,6,13
340000,5,7,0
340000,5,8,0
340000,5,9,0
340000,5,10,0
340000,6,0,306
340000,6,1,433
340000,6,2,1577
340000,6,3,3100
340000,6,4,2129
340000,6,5,1047
340000,6,6,445
340000,6,7,198
340000,6,8,107
340000,6,9,96
340000,6,10,94
340000,7,0,146
340000,7,1,186
340000,7,2,746
340000,7,3,1617
340000,7,4,1002
340000,7,5,496
340000,7,6,206
340000,7,7,100
340000,7,8,73
340000,7,9,54
340000,7,10,54
340000,8,0,50
340000,8,1,97
340000,8,2,1229
340000,8,3,1205
340000,8,4,561
340000,8,5,217
340000,8,6,78
340000,8,7,37
340000,8,8,29
340000,8,9,26
340000,8,10,24
340000,9,0,33
340000,9,1,66
340000,9,2,1236
340000,9,3,713
340000,9,4,281
340000,9,5,93
340000,9,6,31
340000,9,7,11
340000,9,8,7
340000,9,9,7
340000,9,10,8
340000,10,0,10
340000,10,1,20
340000,10,2,362
340000,10,3,209
340000,10,4,82
340000,10,5,27
340000,10,6,9
340000,10,7,3
340000,10,8,2
340000,10,9,2
340000,10,10,2
350000,1,0,2696
350000,1,1,0
350000,1,2,0
350000,1,3,0
350000,1,4,0
350000,1,5,0
350000,1,6,0
350000,1,7,0
350000,1,8,0
350000,1,9,0
350000,1,10,0
350000,2,0,2491
350000,2,1,0
350000,2,2,0
350000,2,3,0
350000,2,4,0
350000,2,5,0
350000,2,6,0
350000,2,7,0
350000,2,8,0
350000,2,9,0
350000,2,10,0
350000,3,0,236
350000,3,1,947
350000,3,2,0
350000,3,3,0
350000,3,4,0
350000,3,5,0
350000,3,6,0
350000,3,7,0
350000,3,8,0
350000,3,9,0
350000,3,10,0
350000,4,0,0
350000,4,1,1001
350000,4,2,541
350000,4,3,176
350000,4,4,35
350000,4,5,0
350000,4,6,0
350000,4,7,0
350000,4,8,0
350000,4,9,0
350000,4,10,0
350000,5,0,39
350000,5,1,91
350000,5,2,247
350000,5,3,341
350000,5,4,138
350000,5,5,61
350000,5,6,10
350000,5,7,0
350000,5,8,0
350000,5,9,0
350000,5,10,0
350000,6,0,306
350000,6,1,384
350000,6,2,1163
350000,6,3,2646
350000,6,4,2177
350000,6,5,1216
350000,6,6,542
350000,6,7,285
350000,6,8,142
350000,6,9,151
350000,6,10,158
350000,7,0,143
350000,7,1,148
350000,7,2,527
350000,7,3,1196
350000,7,4,895
350000,7,5,552
350000,7,6,287
350000,7,7,150
350000,7,8,81
350000,7,9,99
350000,7,10,101
350000,8,0,60
350000,8,1,100
350000,8,2,1035
350000,8,3,1116
350000,8,4,606
350000,8,5,253
350000,8,6,105
350000,8,7,51
350000,8,8,27
350000,8,9,18
350000,8,10,28
350000,9,0,44
350000,9,1,72
350000,9,2,1188
350000,9,3,660
350000,9,4,362
350000,9,5,100
350000,9,6,44
350000,9,7,19
350000,9,8,13
350000,9,9,9
350000,9,10,17
350000,10,0,11
350000,10,1,17
350000,10,2,284
350000,10,3,158
350000,10,4,86
350000,10,5,24
350000,10,6,11
350000,10,7,4
350000,10,8,3
350000,10,9,2
350000,10,10,4
360000,1,0,2371
360000,1,1,0
360000,1,2,0
360000,1,3,0
360000,1,4,0
360000,1,5,0
360000,1,6,0
360000,1,7,0
360000,1,8,0
360000,1,9,0
360000,1,10,0
360000,2,0,2602
360000,2,1,0
360000,2,2,0
360000,2,3,0
360000,2,4,0
360000,2,5,0
360000,2,6,0
360000,2,7,0
360000,2,8,0
360000,2,9,0
360000,2,10,0
360000,3,0,296
360000,3,1,934
360000,3,2,0
360000,3,3,0
360000,3,4,0
360000,3,5,0
360000,3,6,0
360000,3,7,0
360000,3,8,0
360000,3,9,0
360000,3,10,0
360000,4,0,0
360000,4,1,1069
360000,4,2,806
360000,4,3,387
360000,4,4,59
360000,4,5,0
360000,4,6,0
360000,4,7,0
360000,4,8,0
360000,4,9,0
360000,4,10,0
360000,5,0,65
360000,5,1,176
360000,5,2,507
360000,5,3,603
360000,5,4,142
360000,5,5,39
360000,5,6,12
360000,5,7,0
360000,5,8,0
360000,5,9,0
360000,5,10,0
360000,6,0,415
360000,6,1,508
360000,6,2,2433
360000,6,3,4420
360000,6,4,1867
360000,6,5,752
360000,6,6,243
360000,6,7,100
360000,6,8,51
360000,6,9,28
360000,6,10,40
360000,7,0,212
360000,7,1,231
360000,7,2,1500
360000,7,3,2832
360000,7,4,1120
360000,7,5,450
360000,7,6,155
360000,7,7,78
360000,7,8,33
360000,7,9,22
360000,7,10,33
360000,8,0,104
360000,8,1,114
360000,8,2,2791
360000,8,3,2274
360000,8,4,752
360000,8,5,257
360000,8,6,85
360000,8,7,32
360000,8,8,18
360000,8,9,17
360000,8,10,22
360000,9,0,60
360000,9,1,60
360000,9,2,2532
360000,9,3,1265
360000,9,4,452
360000,9,5,101
360000,9,6,36
360000,9,7,13
360000,9,8,4
360000,9,9,9
360000,9,10,9
360000,10,0,17
360000,10,1,18
360000,10,2,737
360000,10,3,368
360000,10,4,132
360000,10,5,30
360000,10,6,11
360000,10,7,4
360000,10,8,1
360000,10,9,2
360000,10,10,3
370000,1,0,6505
370000,1,1,0
370000,1,2,0
370000,1,3,0
370000,1,4,0
370000,1,5,0
370000,1,6,0
370000,1,7,0
370000,1,8,0
370000,1,9,0
370000,1,10,0
370000,2,0,6430
370000,2,1,0
370000,2,2,0
370000,2,3,0
370000,2,4,0
370000,2,5,0
370000,2,6,0
370000,2,7,0
370000,2,8,0
370000,2,9,0
370000,2,10,0
370000,3,0,689
370000,3,1,2468
370000,3,2,0
370000,3,3,0
370000,3,4,0
370000,3,5,0
370000,3,6,0
370000,3,7,0
370000,3,8,0
370000,3,9,0
370000,3,10,0
370000,4,0,0
370000,4,1,3039
370000,4,2,2442
370000,4,3,877
370000,4,4,170
370000,4,5,34
370000,4,6,0
370000,4,7,0
370000,4,8,0
370000,4,9,0
370000,4,10,0
370000,5,0,153
370000,5,1,522
370000,5,2,1435
370000,5,3,1720
370000,5,4,605
370000,5,5,195
370000,5,6,49
370000,5,7,16
370000,5,8,0
370000,5,9,0
370000,5,10,0
370000,6,0,787
370000,6,1,1087
370000,6,2,4327
370000,6,3,9012
370000,6,4,5788
370000,6,5,2683
370000,6,6,1116
370000,6,7,488
370000,6,8,277
370000,6,9,225
370000,6,10,212
370000,7,0,372
370000,7,1,405
370000,7,2,2037
370000,7,3,4332
370000,7,4,2459
370000,7,5,1296
370000,7,6,502
370000,7,7,248
370000,7,8,133
370000,7,9,130
370000,7,10,119
370000,8,0,113
370000,8,1,256
370000,8,2,3637
370000,8,3,3482
370000,8,4,1531
370000,8,5,625
370000,8,6,241
370000,8,7,86
370000,8,8,46
370000,8,9,37
370000,8,10,52
370000,9,0,65
370000,9,1,138
370000,9,2,3665
370000,9,3,2048
370000,9,4,833
370000,9,5,225
370000,9,6,83
370000,9,7,34
370000,9,8,19
370000,9,9,14
370000,9,10,15
370000,10,0,18
370000,10,1,38
370000,10,2,998
370000,10,3,558
370000,10,4,227
370000,10,5,61
370000,10,6,23
370000,10,7,9
370000,10,8,5
370000,10,9,4
370000,10,10,4
376000,1,0,4167
376000,1,1,0
376000,1,2,0
376000,1,3,0
376000,1,4,0
376000,1,5,0
376000,1,6,0
376000,1,7,0
376000,1,8,0
376000,1,9,0
376000,1,10,0
376000,2,0,3978
376000,2,1,0
376000,2,2,0
376000,2,3,0
376000,2,4,0
376000,2,5,0
376000,2,6,0
376000,2,7,0
376000,2,8,0
376000,2,9,0
376000,2,10,0
376000,3,0,433
376000,3,1,1524
376000,3,2,0
376000,3,3,0
376000,3,4,0
376000,3,5,0
376000,3,6,0
376000,3,7,0
376000,3,8,0
376000,3,9,0
376000,3,10,0
376000,4,0,0
376000,4,1,1850
376000,4,2,1439
376000,4,3,554
376000,4,4,98
376000,4,5,18
376000,4,6,0
376000,4,7,0
376000,4,8,0
376000,4,9,0
376000,4,10,0
376000,5,0,93
376000,5,1,343
376000,5,2,906
376000,5,3,1140
376000,5,4,339
376000,5,5,75
376000,5,6,27
376000,5,7,7
376000,5,8,0
376000,5,9,0
376000,5,10,0
376000,6,0,588
376000,6,1,825
376000,6,2,3424
376000,6,3,6452
376000,6,4,3450
376000,6,5,1382
376000,6,6,481
376000,6,7,207
376000,6,8,111
376000,6,9,80
376000,6,10,77
376000,7,0,288
376000,7,1,353
376000,7,2,1865
376000,7,3,3737
376000,7,4,1740
376000,7,5,812
376000,7,6,271
376000,7,7,101
376000,7,8,82
376000,7,9,59
376000,7,10,64
376000,8,0,133
376000,8,1,233
376000,8,2,3250
376000,8,3,3059
376000,8,4,1188
376000,8,5,413
376000,8,6,152
376000,8,7,54
376000,8,8,23
376000,8,9,21
376000,8,10,31
376000,9,0,80
376000,9,1,151
376000,9,2,3469
376000,9,3,1734
376000,9,4,676
376000,9,5,170
376000,9,6,58
376000,9,7,22
376000,9,8,6
376000,9,9,9
376000,9,10,13
376000,10,0,23
376000,10,1,44
376000,10,2,1003
376000,10,3,501
376000,10,4,195
376000,10,5,49
376000,10,6,17
376000,10,7,6
376000,10,8,2
376000,10,9,2
376000,10,10,4
390000,1,0,2865
390000,1,1,0
390000,1,2,0
390000,1,3,0
390000,1,4,0
390000,1,5,0
390000,1,6,0
390000,1,7,0
390000,1,8,0
390000,1,9,0
390000,1,10,0
390000,2,0,3079
390000,2,1,0
390000,2,2,0
390000,2,3,0
390000,2,4,0
390000,2,5,0
390000,2,6,0
390000,2,7,0
390000,2,8,0
390000,2,9,0
390000,2,10,0
390000,3,0,371
390000,3,1,1211
390000,3,2,0
390000,3,3,0
390000,3,4,0
390000,3,5,0
390000,3,6,0
390000,3,7,0
390000,3,8,0
390000,3,9,0
390000,3,10,0
390000,4,0,0
390000,4,1,1605
390000,4,2,959
390000,4,3,334
390000,4,4,81
390000,4,5,0
390000,4,6,0
390000,4,7,0
390000,4,8,0
390000,4,9,0
390000,4,10,0
390000,5,0,90
390000,5,1,240
390000,5,2,625
390000,5,3,667
390000,5,4,225
390000,5,5,68
390000,5,6,19
390000,5,7,0
390000,5,8,0
390000,5,9,0
390000,5,10,0
390000,6,0,508
390000,6,1,661
390000,6,2,2506
390000,6,3,4420
390000,6,4,2474
390000,6,5,1106
390000,6,6,441
390000,6,7,197
390000,6,8,119
390000,6,9,78
390000,6,10,69
390000,7,0,277
390000,7,1,330
390000,7,2,1503
390000,7,3,2679
390000,7,4,1353
390000,7,5,651
390000,7,6,297
390000,7,7,113
390000,7,8,55
390000,7,9,64
390000,7,10,70
390000,8,0,132
390000,8,1,190
390000,8,2,2535
390000,8,3,2329
390000,8,4,937
390000,8,5,375
390000,8,6,153
390000,8,7,55
390000,8,8,24
390000,8,9,24
390000,8,10,28
390000,9,0,57
390000,9,1,107
390000,9,2,2516
390000,9,3,1434
390000,9,4,577
390000,9,5,153
390000,9,6,47
390000,9,7,21
390000,9,8,6
390000,9,9,12
390000,9,10,13
390000,10,0,15
390000,10,1,28
390000,10,2,665
390000,10,3,379
390000,10,4,152
390000,10,5,41
390000,10,6,13
390000,10,7,5
390000,10,8,2
390000,10,9,3
390000,10,10,3
400000,1,0,2669
400000,1,1,0
400000,1,2,0
400000,1,3,0
400000,1,4,0
400000,1,5,0
400000,1,6,0
400000,1,7,0
400000,1,8,0
400000,1,9,0
400000,1,10,0
400000,2,0,2699
400000,2,1,0
400000,2,2,0
400000,2,3,0
400000,2,4,0
400000,2,5,0
400000,2,6,0
400000,2,7,0
400000,2,8,0
400000,2,9,0
400000,2,10,0
400000,3,0,191
400000,3,1,1044
400000,3,2,0
400000,3,3,0
400000,3,4,0
400000,3,5,0
400000,3,6,0
400000,3,7,0
400000,3,8,0
400000,3,9,0
400000,3,10,0
400000,4,0,0
400000,4,1,990
400000,4,2,742
400000,4,3,296
400000,4,4,50
400000,4,5,8
400000,4,6,0
400000,4,7,0
400000,4,8,0
400000,4,9,0
400000,4,10,0
400000,5,0,54
400000,5,1,162
400000,5,2,480
400000,5,3,676
400000,5,4,188
400000,5,5,31
400000,5,6,0
400000,5,7,0
400000,5,8,0
400000,5,9,0
400000,5,10,0
400000,6,0,356
400000,6,1,488
400000,6,2,1931
400000,6,3,4468
400000,6,4,2158
400000,6,5,767
400000,6,6,225
400000,6,7,109
400000,6,8,67
400000,6,9,34
400000,6,10,49
400000,7,0,211
400000,7,1,254
400000,7,2,1230
400000,7,3,2913
400000,7,4,1229
400000,7,5,439
400000,7,6,150
400000,7,7,61
400000,7,8,36
400000,7,9,42
400000,7,10,42
400000,8,0,101
400000,8,1,201
400000,8,2,2624
400000,8,3,2211
400000,8,4,783
400000,8,5,239
400000,8,6,88
400000,8,7,31
400000,8,8,17
400000,8,9,17
400000,8,10,26
400000,9,0,59
400000,9,1,104
400000,9,2,2523
400000,9,3,1180
400000,9,4,445
400000,9,5,109
400000,9,6,37
400000,9,7,15
400000,9,8,12
400000,9,9,10
400000,9,10,12
400000,10,0,17
400000,10,1,30
400000,10,2,734
400000,10,3,343
400000,10,4,130
400000,10,5,32
400000,10,6,11
400000,10,7,4
400000,10,8,4
400000,10,9,3
400000,10,10,4
410000,1,0,3207
410000,1,1,0
410000,1,2,0
410000,1,3,0
410000,1,4,0
410000,1,5,0
410000,1,6,0
410000,1,7,0
410000,1,8,0
410000,1,9,0
410000,1,10,0
410000,2,0,3132
410000,2,1,0
410000,2,2,0
410000,2,3,0
410000,2,4,0
410000,2,5,0
410000,2,6,0
410000,2,7,0
410000,2,8,0
410000,2,9,0
410000,2,10,0
410000,3,0,347
410000,3,1,1235
410000,3,2,0
410000,3,3,0
410000,3,4,0
410000,3,5,0
410000,3,6,0
410000,3,7,0
410000,3,8,0
410000,3,9,0
410000,3,10,0
410000,4,0,0
410000,4,1,1291
410000,4,2,847
410000,4,3,285
410000,4,4,61
410000,4,5,16
410000,4,6,0
410000,4,7,0
410000,4,8,0
410000,4,9,0
410000,4,10,0
410000,5,0,48
410000,5,1,178
410000,5,2,468
410000,5,3,743
410000,5,4,239
410000,5,5,68
410000,5,6,24
410000,5,7,0
410000,5,8,0
410000,5,9,0
410000,5,10,0
410000,6,0,279
410000,6,1,484
410000,6,2,1652
410000,6,3,4146
410000,6,4,2746
410000,6,5,1388
410000,6,6,625
410000,6,7,318
410000,6,8,175
410000,6,9,169
410000,6,10,154
410000,7,0,156
410000,7,1,205
410000,7,2,942
410000,7,3,2211
410000,7,4,1122
410000,7,5,659
410000,7,6,283
410000,7,7,147
410000,7,8,85
410000,7,9,87
410000,7,10,118
410000,8,0,63
410000,8,1,120
410000,8,2,1835
410000,8,3,1676
410000,8,4,708
410000,8,5,275
410000,8,6,114
410000,8,7,50
410000,8,8,27
410000,8,9,23
410000,8,10,35
410000,9,0,32
410000,9,1,82
410000,9,2,1913
410000,9,3,988
410000,9,4,446
410000,9,5,128
410000,9,6,42
410000,9,7,23
410000,9,8,9
410000,9,9,11
410000,9,10,12
410000,10,0,9
410000,10,1,22
410000,10,2,524
410000,10,3,271
410000,10,4,122
410000,10,5,35
410000,10,6,12
410000,10,7,6
410000,10,8,2
410000,10,9,3
410000,10,10,3
420000,1,0,3155
420000,1,1,0
420000,1,2,0
420000,1,3,0
420000,1,4,0
420000,1,5,0
420000,1,6,0
420000,1,7,0
420000,1,8,0
420000,1,9,0
420000,1,10,0
420000,2,0,3214
420000,2,1,0
420000,2,2,0
420000,2,3,0
420000,2,4,0
420000,2,5,0
420000,2,6,0
420000,2,7,0
420000,2,8,0
420000,2,9,0
420000,2,10,0
420000,3,0,361
420000,3,1,1203
420000,3,2,0
420000,3,3,0
420000,3,4,0
420000,3,5,0
420000,3,6,0
420000,3,7,0
420000,3,8,0
420000,3,9,0
420000,3,10,0
420000,4,0,0
420000,4,1,1324
420000,4,2,854
420000,4,3,349
420000,4,4,51
420000,4,5,0
420000,4,6,0
420000,4,7,0
420000,4,8,0
420000,4,9,0
420000,4,10,0
420000,5,0,42
420000,5,1,185
420000,5,2,512
420000,5,3,713
420000,5,4,189
420000,5,5,55
420000,5,6,13
420000,5,7,0
420000,5,8,0
420000,5,9,0
420000,5,10,0
420000,6,0,308
420000,6,1,509
420000,6,2,2132
420000,6,3,4792
420000,6,4,2614
420000,6,5,1180
420000,6,6,461
420000,6,7,183
420000,6,8,111
420000,6,9,88
420000,6,10,74
420000,7,0,165
420000,7,1,208
420000,7,2,1077
420000,7,3,2539
420000,7,4,1232
420000,7,5,542
420000,7,6,216
420000,7,7,111
420000,7,8,59
420000,7,9,67
420000,7,10,48
420000,8,0,70
420000,8,1,125
420000,8,2,2208
420000,8,3,1749
420000,8,4,627
420000,8,5,247
420000,8,6,79
420000,8,7,34
420000,8,8,19
420000,8,9,18
420000,8,10,23
420000,9,0,32
420000,9,1,61
420000,9,2,2154
420000,9,3,923
420000,9,4,337
420000,9,5,115
420000,9,6,31
420000,9,7,8
420000,9,8,9
420000,9,9,6
420000,9,10,10
420000,10,0,10
420000,10,1,19
420000,10,2,655
420000,10,3,281
420000,10,4,103
420000,10,5,35
420000,10,6,9
420000,10,7,3
420000,10,8,3
420000,10,9,2
420000,10,10,3
430000,1,0,4076
430000,1,1,0
430000,1,2,0
430000,1,3,0
430000,1,4,0
430000,1,5,0
430000,1,6,0
430000,1,7,0
430000,1,8,0
430000,1,9,0
430000,1,10,0
430000,2,0,4209
430000,2,1,0
430000,2,2,0
430000,2,3,0
430000,2,4,0
430000,2,5,0
430000,2,6,0
430000,2,7,0
430000,2,8,0
430000,2,9,0
430000,2,10,0
430000,3,0,420
430000,3,1,1563
430000,3,2,0
430000,3,3,0
430000,3,4,0
430000,3,5,0
430000,3,6,0
430000,3,7,0
430000,3,8,0
430000,3,9,0
430000,3,10,0
430000,4,0,0
430000,4,1,1657
430000,4,2,971
430000,4,3,387
430000,4,4,65
430000,4,5,27
430000,4,6,0
430000,4,7,0
430000,4,8,0
430000,4,9,0
430000,4,10,0
430000,5,0,80
430000,5,1,237
430000,5,2,658
430000,5,3,848
430000,5,4,304
430000,5,5,92
430000,5,6,17
430000,5,7,11
430000,5,8,0
430000,5,9,0
430000,5,10,0
430000,6,0,398
430000,6,1,661
430000,6,2,2787
430000,6,3,5976
430000,6,4,3351
430000,6,5,1493
430000,6,6,548
430000,6,7,242
430000,6,8,118
430000,6,9,84
430000,6,10,96
430000,7,0,225
430000,7,1,310
430000,7,2,1353
430000,7,3,3052
430000,7,4,1573
430000,7,5,697
430000,7,6,275
430000,7,7,105
430000,7,8,63
430000,7,9,59
430000,7,10,60
430000,8,0,104
430000,8,1,158
430000,8,2,2603
430000,8,3,2271
430000,8,4,894
430000,8,5,334
430000,8,6,119
430000,8,7,44
430000,8,8,29
430000,8,9,21
430000,8,10,31
430000,9,0,50
430000,9,1,89
430000,9,2,2808
430000,9,3,1258
430000,9,4,513
430000,9,5,139
430000,9,6,42
430000,9,7,11
430000,9,8,9
430000,9,9,10
430000,9,10,10
430000,10,0,16
430000,10,1,28
430000,10,2,886
430000,10,3,397
430000,10,4,162
430000,10,5,44
430000,10,6,13
430000,10,7,3
430000,10,8,3
430000,10,9,3
430000,10,10,3
440000,1,0,1838
440000,1,1,0
440000,1,2,0
440000,1,3,0
440000,1,4,0
440000,1,5,0
440000,1,6,0
440000,1,7,0
440000,1,8,0
440000,1,9,0
440000,1,10,0
440000,2,0,1808
440000,2,1,0
440000,2,2,0
440000,2,3,0
440000,2,4,0
440000,2,5,0
440000,2,6,0
440000,2,7,0
440000,2,8,0
440000,2,9,0
440000,2,10,0
440000,3,0,167
440000,3,1,678
440000,3,2,0
440000,3,3,0
440000,3,4,0
440000,3,5,0
440000,3,6,0
440000,3,7,0
440000,3,8,0
440000,3,9,0
440000,3,10,0
440000,4,0,0
440000,4,1,731
440000,4,2,480
440000,4,3,157
440000,4,4,29
440000,4,5,0
440000,4,6,0
440000,4,7,0
440000,4,8,0
440000,4,9,0
440000,4,10,0
440000,5,0,34
440000,5,1,105
440000,5,2,286
440000,5,3,409
440000,5,4,136
440000,5,5,31
440000,5,6,0
440000,5,7,0
440000,5,8,0
440000,5,9,0
440000,5,10,0
440000,6,0,208
440000,6,1,270
440000,6,2,1096
440000,6,3,2572
440000,6,4,1556
440000,6,5,713
440000,6,6,281
440000,6,7,154
440000,6,8,67
440000,6,9,73
440000,6,10,49
440000,7,0,90
440000,7,1,116
440000,7,2,583
440000,7,3,1498
440000,7,4,749
440000,7,5,340
440000,7,6,138
440000,7,7,74
440000,7,8,52
440000,7,9,32
440000,7,10,47
440000,8,0,43
440000,8,1,90
440000,8,2,1233
440000,8,3,1056
440000,8,4,387
440000,8,5,159
440000,8,6,59
440000,8,7,24
440000,8,8,21
440000,8,9,11
440000,8,10,26
440000,9,0,26
440000,9,1,41
440000,9,2,1437
440000,9,3,632
440000,9,4,230
440000,9,5,60
440000,9,6,28
440000,9,7,8
440000,9,8,5
440000,9,9,5
440000,9,10,8
440000,10,0,8
440000,10,1,12
440000,10,2,437
440000,10,3,192
440000,10,4,70
440000,10,5,18
440000,10,6,8
440000,10,7,3
440000,10,8,2
440000,10,9,2
440000,10,10,3
450000,1,0,2375
450000,1,1,0
450000,1,2,0
450000,1,3,0
450000,1,4,0
450000,1,5,0
450000,1,6,0
450000,1,7,0
450000,1,8,0
450000,1,9,0
450000,1,10,0
450000,2,0,2412
450000,2,1,0
450000,2,2,0
450000,2,3,0
450000,2,4,0
450000,2,5,0
450000,2,6,0
450000,2,7,0
450000,2,8,0
450000,2,9,0
450000,2,10,0
450000,3,0,342
450000,3,1,951
450000,3,2,0
450000,3,3,0
450000,3,4,0
450000,3,5,0
450000,3,6,0
450000,3,7,0
450000,3,8,0
450000,3,9,0
450000,3,10,0
450000,4,0,0
450000,4,1,1188
450000,4,2,714
450000,4,3,278
450000,4,4,54
450000,4,5,0
450000,4,6,0
450000,4,7,0
450000,4,8,0
450000,4,9,0
450000,4,10,0
450000,5,0,31
450000,5,1,161
450000,5,2,420
450000,5,3,545
450000,5,4,164
450000,5,5,42
450000,5,6,11
450000,5,7,0
450000,5,8,0
450000,5,9,0
450000,5,10,0
450000,6,0,221
450000,6,1,392
450000,6,2,1627
450000,6,3,3693
450000,6,4,1991
450000,6,5,838
450000,6,6,364
450000,6,7,158
450000,6,8,72
450000,6,9,80
450000,6,10,63
450000,7,0,113
450000,7,1,174
450000,7,2,843
450000,7,3,1933
450000,7,4,956
450000,7,5,456
450000,7,6,182
450000,7,7,81
450000,7,8,46
450000,7,9,50
450000,7,10,44
450000,8,0,51
450000,8,1,76
450000,8,2,1578
450000,8,3,1475
450000,8,4,614
450000,8,5,223
450000,8,6,87
450000,8,7,43
450000,8,8,16
450000,8,9,16
450000,8,10,23
450000,9,0,24
450000,9,1,43
450000,9,2,1596
450000,9,3,847
450000,9,4,398
450000,9,5,90
450000,9,6,30
450000,9,7,10
450000,9,8,7
450000,9,9,7
450000,9,10,8
450000,10,0,7
450000,10,1,13
450000,10,2,489
450000,10,3,259
450000,10,4,122
450000,10,5,27
450000,10,6,9
450000,10,7,3
450000,10,8,2
450000,10,9,2
450000,10,10,2
461000,1,0,16881
461000,1,1,0
461000,1,2,0
461000,1,3,0
461000,1,4,0
461000,1,5,0
461000,1,6,0
461000,1,7,0
461000,1,8,0
461000,1,9,0
461000,1,10,0
461000,2,0,14333
461000,2,1,0
461000,2,2,0
461000,2,3,0
461000,2,4,0
461000,2,5,0
461000,2,6,0
461000,2,7,0
461000,2,8,0
461000,2,9,0
461000,2,10,0
461000,3,0,2273
461000,3,1,4320
461000,3,2,0
461000,3,3,0
461000,3,4,0
461000,3,5,0
461000,3,6,0
461000,3,7,0
461000,3,8,0
461000,3,9,0
461000,3,10,0
461000,4,0,0
461000,4,1,11969
461000,4,2,11262
461000,4,3,2499
461000,4,4,347
461000,4,5,71
461000,4,6,19
461000,4,7,6
461000,4,8,0
461000,4,9,0
461000,4,10,0
461000,5,0,682
461000,5,1,3273
461000,5,2,7554
461000,5,3,6372
461000,5,4,2514
461000,5,5,570
461000,5,6,136
461000,5,7,44
461000,5,8,23
461000,5,9,10
461000,5,10,10
461000,6,0,2067
461000,6,1,2897
461000,6,2,10575
461000,6,3,20504
461000,6,4,13310
461000,6,5,6447
461000,6,6,2674
461000,6,7,1377
461000,6,8,707
461000,6,9,722
461000,6,10,715
461000,7,0,559
461000,7,1,772
461000,7,2,4316
461000,7,3,8702
461000,7,4,4660
461000,7,5,2248
461000,7,6,953
461000,7,7,465
461000,7,8,285
461000,7,9,318
461000,7,10,398
461000,8,0,203
461000,8,1,505
461000,8,2,7024
461000,8,3,6672
461000,8,4,2554
461000,8,5,983
461000,8,6,408
461000,8,7,186
461000,8,8,92
461000,8,9,104
461000,8,10,128
461000,9,0,92
461000,9,1,263
461000,9,2,7131
461000,9,3,3899
461000,9,4,1565
461000,9,5,406
461000,9,6,181
461000,9,7,71
461000,9,8,36
461000,9,9,33
461000,9,10,41
461000,10,0,29
461000,10,1,83
461000,10,2,2259
461000,10,3,1235
461000,10,4,496
461000,10,5,129
461000,10,6,57
461000,10,7,22
461000,10,8,12
461000,10,9,11
461000,10,10,13
479000,1,0,4859
479000,1,1,0
479000,1,2,0
479000,1,3,0
479000,1,4,0
479000,1,5,0
479000,1,6,0
479000,1,7,0
479000,1,8,0
479000,1,9,0
479000,1,10,0
479000,2,0,4584
479000,2,1,0
479000,2,2,0
479000,2,3,0
479000,2,4,0
479000,2,5,0
479000,2,6,0
479000,2,7,0
479000,2,8,0
479000,2,9,0
479000,2,10,0
479000,3,0,470
479000,3,1,1745
479000,3,2,0
479000,3,3,0
479000,3,4,0
479000,3,5,0
479000,3,6,0
479000,3,7,0
479000,3,8,0
479000,3,9,0
479000,3,10,0
479000,4,0,0
479000,4,1,2422
479000,4,2,1450
479000,4,3,426
479000,4,4,75
479000,4,5,14
479000,4,6,0
479000,4,7,0
479000,4,8,0
479000,4,9,0
479000,4,10,0
479000,5,0,85
479000,5,1,487
479000,5,2,1035
479000,5,3,851
479000,5,4,276
479000,5,5,75
479000,5,6,15
479000,5,7,0
479000,5,8,0
479000,5,9,0
479000,5,10,0
479000,6,0,486
479000,6,1,824
479000,6,2,3258
479000,6,3,6154
479000,6,4,3613
479000,6,5,1697
479000,6,6,636
479000,6,7,256
479000,6,8,168
479000,6,9,162
479000,6,10,166
479000,7,0,235
479000,7,1,307
479000,7,2,1481
479000,7,3,3117
479000,7,4,1682
479000,7,5,847
479000,7,6,333
479000,7,7,168
479000,7,8,97
479000,7,9,89
479000,7,10,119
479000,8,0,100
479000,8,1,216
479000,8,2,2939
479000,8,3,2783
479000,8,4,1155
479000,8,5,449
479000,8,6,158
479000,8,7,73
479000,8,8,36
479000,8,9,41
479000,8,10,46
479000,9,0,48
479000,9,1,120
479000,9,2,2792
479000,9,3,1386
479000,9,4,670
479000,9,5,165
479000,9,6,62
479000,9,7,21
479000,9,8,14
479000,9,9,18
479000,9,10,16
479000,10,0,15
479000,10,1,38
479000,10,2,873
479000,10,3,433
479000,10,4,210
479000,10,5,52
479000,10,6,20
479000,10,7,7
479000,10,8,5
479000,10,9,5
479000,10,10,5
480000,1,0,2226
480000,1,1,0
480000,1,2,0
480000,1,3,0
480000,1,4,0
480000,1,5,0
480000,1,6,0
480000,1,7,0
480000,1,8,0
480000,1,9,0
480000,1,10,0
480000,2,0,2328
480000,2,1,0
480000,2,2,0
480000,2,3,0
480000,2,4,0
480000,2,5,0
480000,2,6,0
480000,2,7,0
480000,2,8,0
480000,2,9,0
480000,2,10,0
480000,3,0,248
480000,3,1,918
480000,3,2,0
480000,3,3,0
480000,3,4,0
480000,3,5,0
480000,3,6,0
480000,3,7,0
480000,3,8,0
480000,3,9,0
480000,3,10,0
480000,4,0,0
480000,4,1,919
480000,4,2,551
480000,4,3,224
480000,4,4,52
480000,4,5,10
480000,4,6,0
480000,4,7,0
480000,4,8,0
480000,4,9,0
480000,4,10,0
480000,5,0,67
480000,5,1,136
480000,5,2,364
480000,5,3,479
480000,5,4,157
480000,5,5,39
480000,5,6,10
480000,5,7,0
480000,5,8,0
480000,5,9,0
480000,5,10,0
480000,6,0,281
480000,6,1,440
480000,6,2,1617
480000,6,3,3506
480000,6,4,1858
480000,6,5,816
480000,6,6,342
480000,6,7,162
480000,6,8,50
480000,6,9,51
480000,6,10,67
480000,7,0,125
480000,7,1,174
480000,7,2,818
480000,7,3,1842
480000,7,4,833
480000,7,5,437
480000,7,6,146
480000,7,7,72
480000,7,8,39
480000,7,9,36
480000,7,10,33
480000,8,0,45
480000,8,1,72
480000,8,2,1594
480000,8,3,1276
480000,8,4,506
480000,8,5,188
480000,8,6,56
480000,8,7,20
480000,8,8,10
480000,8,9,17
480000,8,10,11
480000,9,0,27
480000,9,1,39
480000,9,2,1655
480000,9,3,669
480000,9,4,237
480000,9,5,60
480000,9,6,13
480000,9,7,9
480000,9,8,0
480000,9,9,0
480000,9,10,8
480000,10,0,7
480000,10,1,10
480000,10,2,451
480000,10,3,183
480000,10,4,65
480000,10,5,16
480000,10,6,4
480000,10,7,3
480000,10,8,0
480000,10,9,0
480000,10,10,2
482000,1,0,591
482000,1,1,0
482000,1,2,0
482000,1,3,0
482000,1,4,0
482000,1,5,0
482000,1,6,0
482000,1,7,0
482000,1,8,0
482000,1,9,0
482000,1,10,0
482000,2,0,721
482000,2,1,0
482000,2,2,0
482000,2,3,0
482000,2,4,0
482000,2,5,0
482000,2,6,0
482000,2,7,0
482000,2,8,0
482000,2,9,0
482000,2,10,0
482000,3,0,75
482000,3,1,253
482000,3,2,0
482000,3,3,0
482000,3,4,0
482000,3,5,0
482000,3,6,0
482000,3,7,0
482000,3,8,0
482000,3,9,0
482000,3,10,0
482000,4,0,0
482000,4,1,277
482000,4,2,213
482000,4,3,96
482000,4,4,0
482000,4,5,0
482000,4,6,0
482000,4,7,0
482000,4,8,0
482000,4,9,0
482000,4,10,0
482000,5,0,19
482000,5,1,57
482000,5,2,140
482000,5,3,145
482000,5,4,39
482000,5,5,10
482000,5,6,0
482000,5,7,0
482000,5,8,0
482000,5,9,0
482000,5,10,0
482000,6,0,145
482000,6,1,178
482000,6,2,668
482000,6,3,1298
482000,6,4,509
482000,6,5,193
482000,6,6,58
482000,6,7,16
482000,6,8,9
482000,6,9,13
482000,6,10,5
482000,7,0,104
482000,7,1,80
482000,7,2,434
482000,7,3,944
482000,7,4,309
482000,7,5,138
482000,7,6,48
482000,7,7,15
482000,7,8,8
482000,7,9,12
482000,7,10,11
482000,8,0,53
482000,8,1,72
482000,8,2,1009
482000,8,3,874
482000,8,4,237
482000,8,5,99
482000,8,6,30
482000,8,7,15
482000,8,8,5
482000,8,9,0
482000,8,10,0
482000,9,0,29
482000,9,1,41
482000,9,2,921
482000,9,3,414
482000,9,4,128
482000,9,5,29
482000,9,6,14
482000,9,7,10
482000,9,8,0
482000,9,9,0
482000,9,10,0
482000,10,0,11
482000,10,1,15
482000,10,2,333
482000,10,3,150
482000,10,4,46
482000,10,5,10
482000,10,6,5
482000,10,7,3
482000,10,8,0
482000,10,9,0
482000,10,10,0
492000,1,0,294
492000,1,1,0
492000,1,2,0
492000,1,3,0
492000,1,4,0
492000,1,5,0
492000,1,6,0
492000,1,7,0
492000,1,8,0
492000,1,9,0
492000,1,10,0
492000,2,0,367
492000,2,1,0
492000,2,2,0
492000,2,3,0
492000,2,4,0
492000,2,5,0
492000,2,6,0
492000,2,7,0
492000,2,8,0
492000,2,9,0
492000,2,10,0
492000,3,0,33
492000,3,1,135
492000,3,2,0
492000,3,3,0
492000,3,4,0
492000,3,5,0
492000,3,6,0
492000,3,7,0
492000,3,8,0
492000,3,9,0
492000,3,10,0
492000,4,0,0
492000,4,1,152
492000,4,2,94
492000,4,3,44
492000,4,4,0
492000,4,5,0
492000,4,6,0
492000,4,7,0
492000,4,8,0
492000,4,9,0
492000,4,10,0
492000,5,0,0
492000,5,1,26
492000,5,2,66
492000,5,3,77
492000,5,4,19
492000,5,5,0
492000,5,6,0
492000,5,7,0
492000,5,8,0
492000,5,9,0
492000,5,10,0
492000,6,0,94
492000,6,1,113
492000,6,2,275
492000,6,3,497
492000,6,4,220
492000,6,5,102
492000,6,6,31
492000,6,7,13
492000,6,8,9
492000,6,9,6
492000,6,10,6
492000,7,0,84
492000,7,1,73
492000,7,2,209
492000,7,3,411
492000,7,4,160
492000,7,5,114
492000,7,6,20
492000,7,7,17
492000,7,8,0
492000,7,9,0
492000,7,10,10
492000,8,0,29
492000,8,1,46
492000,8,2,416
492000,8,3,404
492000,8,4,123
492000,8,5,50
492000,8,6,15
492000,8,7,9
492000,8,8,0
492000,8,9,9
492000,8,10,0
492000,9,0,17
492000,9,1,26
492000,9,2,466
492000,9,3,236
492000,9,4,82
492000,9,5,23
492000,9,6,10
492000,9,7,0
492000,9,8,0
492000,9,9,0
492000,9,10,0
492000,10,0,5
492000,10,1,9
492000,10,2,150
492000,10,3,76
492000,10,4,26
492000,10,5,7
492000,10,6,3
492000,10,7,0
492000,10,8,0
492000,10,9,0
492000,10,10,0
510000,1,0,4155
510000,1,1,0
510000,1,2,0
510000,1,3,0
510000,1,4,0
510000,1,5,0
510000,1,6,0
510000,1,7,0
510000,1,8,0
510000,1,9,0
510000,1,10,0
510000,2,0,4302
510000,2,1,0
510000,2,2,0
510000,2,3,0
510000,2,4,0
510000,2,5,0
510000,2,6,0
510000,2,7,0
510000,2,8,0
510000,2,9,0
510000,2,10,0
510000,3,0,542
510000,3,1,1550
510000,3,2,0
510000,3,3,0
510000,3,4,0
510000,3,5,0
510000,3,6,0
510000,3,7,0
510000,3,8,0
510000,3,9,0
510000,3,10,0
510000,4,0,0
510000,4,1,1914
510000,4,2,1391
510000,4,3,570
510000,4,4,112
510000,4,5,13
510000,4,6,0
510000,4,7,0
510000,4,8,0
510000,4,9,0
510000,4,10,0
510000,5,0,86
510000,5,1,318
510000,5,2,844
510000,5,3,1090
510000,5,4,350
510000,5,5,68
510000,5,6,24
510000,5,7,6
510000,5,8,0
510000,5,9,0
510000,5,10,0
510000,6,0,464
510000,6,1,724
510000,6,2,2975
510000,6,3,6238
510000,6,4,3342
510000,6,5,1475
510000,6,6,581
510000,6,7,226
510000,6,8,130
510000,6,9,133
510000,6,10,108
510000,7,0,198
510000,7,1,307
510000,7,2,1428
510000,7,3,3155
510000,7,4,1707
510000,7,5,832
510000,7,6,297
510000,7,7,132
510000,7,8,78
510000,7,9,70
510000,7,10,77
510000,8,0,106
510000,8,1,149
510000,8,2,2621
510000,8,3,2433
510000,8,4,931
510000,8,5,341
510000,8,6,133
510000,8,7,39
510000,8,8,30
510000,8,9,30
510000,8,10,34
510000,9,0,64
510000,9,1,113
510000,9,2,2756
510000,9,3,1298
510000,9,4,477
510000,9,5,121
510000,9,6,51
510000,9,7,13
510000,9,8,11
510000,9,9,8
510000,9,10,14
510000,10,0,21
510000,10,1,36
510000,10,2,877
510000,10,3,413
510000,10,4,152
510000,10,5,39
510000,10,6,16
510000,10,7,4
510000,10,8,3
510000,10,9,3
510000,10,10,4
530000,1,0,2283
530000,1,1,0
530000,1,2,0
530000,1,3,0
530000,1,4,0
530000,1,5,0
530000,1,6,0
530000,1,7,0
530000,1,8,0
530000,1,9,0
530000,1,10,0
530000,2,0,2242
530000,2,1,0
530000,2,2,0
530000,2,3,0
530000,2,4,0
530000,2,5,0
530000,2,6,0
530000,2,7,0
530000,2,8,0
530000,2,9,0
530000,2,10,0
530000,3,0,184
530000,3,1,869
530000,3,2,0
530000,3,3,0
530000,3,4,0
530000,3,5,0
530000,3,6,0
530000,3,7,0
530000,3,8,0
530000,3,9,0
530000,3,10,0
530000,4,0,0
530000,4,1,730
530000,4,2,761
530000,4,3,306
530000,4,4,62
530000,4,5,22
530000,4,6,0
530000,4,7,0
530000,4,8,0
530000,4,9,0
530000,4,10,0
530000,5,0,54
530000,5,1,130
530000,5,2,374
530000,5,3,511
530000,5,4,172
530000,5,5,68
530000,5,6,29
530000,5,7,11
530000,5,8,0
530000,5,9,0
530000,5,10,0
530000,6,0,334
530000,6,1,379
530000,6,2,1367
530000,6,3,2853
530000,6,4,1669
530000,6,5,947
530000,6,6,416
530000,6,7,262
530000,6,8,134
530000,6,9,113
530000,6,10,84
530000,7,0,80
530000,7,1,120
530000,7,2,566
530000,7,3,1344
530000,7,4,780
530000,7,5,458
530000,7,6,203
530000,7,7,86
530000,7,8,45
530000,7,9,40
530000,7,10,41
530000,8,0,34
530000,8,1,88
530000,8,2,1160
530000,8,3,1034
530000,8,4,396
530000,8,5,181
530000,8,6,62
530000,8,7,19
530000,8,8,15
530000,8,9,8
530000,8,10,18
530000,9,0,15
530000,9,1,27
530000,9,2,1278
530000,9,3,572
530000,9,4,191
530000,9,5,50
530000,9,6,20
530000,9,7,10
530000,9,8,0
530000,9,9,0
530000,9,10,7
530000,10,0,5
530000,10,1,9
530000,10,2,417
530000,10,3,187
530000,10,4,62
530000,10,5,16
530000,10,6,6
530000,10,7,3
530000,10,8,0
530000,10,9,0
530000,10,10,2
540000,1,0,5401
540000,1,1,0
540000,1,2,0
540000,1,3,0
540000,1,4,0
540000,1,5,0
540000,1,6,0
540000,1,7,0
540000,1,8,0
540000,1,9,0
540000,1,10,0
540000,2,0,5689
540000,2,1,0
540000,2,2,0
540000,2,3,0
540000,2,4,0
540000,2,5,0
540000,2,6,0
540000,2,7,0
540000,2,8,0
540000,2,9,0
540000,2,10,0
540000,3,0,739
540000,3,1,1968
540000,3,2,0
540000,3,3,0
540000,3,4,0
540000,3,5,0
540000,3,6,0
540000,3,7,0
540000,3,8,0
540000,3,9,0
540000,3,10,0
540000,4,0,0
540000,4,1,2711
540000,4,2,1925
540000,4,3,783
540000,4,4,119
540000,4,5,24
540000,4,6,5
540000,4,7,0
540000,4,8,0
540000,4,9,0
540000,4,10,0
540000,5,0,122
540000,5,1,401
540000,5,2,983
540000,5,3,1400
540000,5,4,455
540000,5,5,122
540000,5,6,26
540000,5,7,0
540000,5,8,0
540000,5,9,0
540000,5,10,0
540000,6,0,827
540000,6,1,819
540000,6,2,3311
540000,6,3,8159
540000,6,4,4423
540000,6,5,2091
540000,6,6,887
540000,6,7,427
540000,6,8,241
540000,6,9,224
540000,6,10,222
540000,7,0,342
540000,7,1,390
540000,7,2,1694
540000,7,3,4528
540000,7,4,2126
540000,7,5,950
540000,7,6,415
540000,7,7,207
540000,7,8,117
540000,7,9,108
540000,7,10,172
540000,8,0,183
540000,8,1,245
540000,8,2,3514
540000,8,3,3090
540000,8,4,1131
540000,8,5,446
540000,8,6,195
540000,8,7,78
540000,8,8,33
540000,8,9,35
540000,8,10,51
540000,9,0,68
540000,9,1,132
540000,9,2,4197
540000,9,3,1966
540000,9,4,730
540000,9,5,205
540000,9,6,65
540000,9,7,22
540000,9,8,14
540000,9,9,12
540000,9,10,11
540000,10,0,22
540000,10,1,43
540000,10,2,1360
540000,10,3,637
540000,10,4,236
540000,10,5,67
540000,10,6,21
540000,10,7,7
540000,10,8,4
540000,10,9,4
540000,10,10,3
550000,1,0,2769
550000,1,1,0
550000,1,2,0
550000,1,3,0
550000,1,4,0
550000,1,5,0
550000,1,6,0
550000,1,7,0
550000,1,8,0
550000,1,9,0
550000,1,10,0
550000,2,0,2807
550000,2,1,0
550000,2,2,0
550000,2,3,0
550000,2,4,0
550000,2,5,0
550000,2,6,0
550000,2,7,0
550000,2,8,0
550000,2,9,0
550000,2,10,0
550000,3,0,302
550000,3,1,994
550000,3,2,0
550000,3,3,0
550000,3,4,0
550000,3,5,0
550000,3,6,0
550000,3,7,0
550000,3,8,0
550000,3,9,0
550000,3,10,0
550000,4,0,0
550000,4,1,1055
550000,4,2,925
550000,4,3,385
550000,4,4,71
550000,4,5,0
550000,4,6,0
550000,4,7,0
550000,4,8,0
550000,4,9,0
550000,4,10,0
550000,5,0,76
550000,5,1,204
550000,5,2,515
550000,5,3,611
550000,5,4,208
550000,5,5,65
550000,5,6,0
550000,5,7,0
550000,5,8,0
550000,5,9,0
550000,5,10,0
550000,6,0,478
550000,6,1,445
550000,6,2,2065
550000,6,3,3888
550000,6,4,1766
550000,6,5,893
550000,6,6,303
550000,6,7,104
550000,6,8,52
550000,6,9,41
550000,6,10,37
550000,7,0,271
550000,7,1,250
550000,7,2,1138
550000,7,3,2403
550000,7,4,1037
550000,7,5,503
550000,7,6,145
550000,7,7,69
550000,7,8,27
550000,7,9,46
550000,7,10,54
550000,8,0,137
550000,8,1,145
550000,8,2,2143
550000,8,3,1750
550000,8,4,688
550000,8,5,251
550000,8,6,113
550000,8,7,30
550000,8,8,17
550000,8,9,19
550000,8,10,18
550000,9,0,43
550000,9,1,80
550000,9,2,1976
550000,9,3,841
550000,9,4,357
550000,9,5,98
550000,9,6,35
550000,9,7,12
550000,9,8,5
550000,9,9,0
550000,9,10,0
550000,10,0,14
550000,10,1,26
550000,10,2,640
550000,10,3,272
550000,10,4,116
550000,10,5,32
550000,10,6,12
550000,10,7,4
550000,10,8,2
550000,10,9,0
550000,10,10,0
561000,1,0,9700
561000,1,1,0
561000,1,2,0
561000,1,3,0
561000,1,4,0
561000,1,5,0
561000,1,6,0
561000,1,7,0
561000,1,8,0
561000,1,9,0
561000,1,10,0
561000,2,0,8910
561000,2,1,0
561000,2,2,0
561000,2,3,0
561000,2,4,0
561000,2,5,0
561000,2,6,0
561000,2,7,0
561000,2,8,0
561000,2,9,0
561000,2,10,0
561000,3,0,843
561000,3,1,3115
561000,3,2,0
561000,3,3,0
561000,3,4,0
561000,3,5,0
561000,3,6,0
561000,3,7,0
561000,3,8,0
561000,3,9,0
561000,3,10,0
561000,4,0,0
561000,4,1,3994
561000,4,2,3904
561000,4,3,1405
561000,4,4,235
561000,4,5,55
561000,4,6,14
561000,4,7,5
561000,4,8,0
561000,4,9,0
561000,4,10,0
561000,5,0,188
561000,5,1,752
561000,5,2,2140
561000,5,3,2806
561000,5,4,970
561000,5,5,315
561000,5,6,90
561000,5,7,42
561000,5,8,13
561000,5,9,0
561000,5,10,0
561000,6,0,929
561000,6,1,1350
561000,6,2,5413
561000,6,3,12448
561000,6,4,7445
561000,6,5,3669
561000,6,6,1539
561000,6,7,784
561000,6,8,454
561000,6,9,423
561000,6,10,378
561000,7,0,382
561000,7,1,499
561000,7,2,2525
561000,7,3,6041
561000,7,4,3218
561000,7,5,1654
561000,7,6,677
561000,7,7,351
561000,7,8,184
561000,7,9,209
561000,7,10,218
561000,8,0,148
561000,8,1,314
561000,8,2,5003
561000,8,3,4756
561000,8,4,1880
561000,8,5,723
561000,8,6,279
561000,8,7,128
561000,8,8,61
561000,8,9,61
561000,8,10,82
561000,9,0,73
561000,9,1,141
561000,9,2,5116
561000,9,3,2486
561000,9,4,1007
561000,9,5,289
561000,9,6,108
561000,9,7,41
561000,9,8,23
561000,9,9,20
561000,9,10,36
561000,10,0,21
561000,10,1,41
561000,10,2,1477
561000,10,3,717
561000,10,4,290
561000,10,5,84
561000,10,6,31
561000,10,7,12
561000,10,8,7
561000,10,9,6
561000,10,10,11
563000,1,0,218
563000,1,1,0
563000,1,2,0
563000,1,3,0
563000,1,4,0
563000,1,5,0
563000,1,6,0
563000,1,7,0
563000,1,8,0
563000,1,9,0
563000,1,10,0
563000,2,0,241
563000,2,1,0
563000,2,2,0
563000,2,3,0
563000,2,4,0
563000,2,5,0
563000,2,6,0
563000,2,7,0
563000,2,8,0
563000,2,9,0
563000,2,10,0
563000,3,0,21
563000,3,1,100
563000,3,2,0
563000,3,3,0
563000,3,4,0
563000,3,5,0
563000,3,6,0
563000,3,7,0
563000,3,8,0
563000,3,9,0
563000,3,10,0
563000,4,0,0
563000,4,1,89
563000,4,2,45
563000,4,3,12
563000,4,4,0
563000,4,5,0
563000,4,6,0
563000,4,7,0
563000,4,8,0
563000,4,9,0
563000,4,10,0
563000,5,0,0
563000,5,1,7
563000,5,2,16
563000,5,3,35
563000,5,4,0
563000,5,5,5
563000,5,6,0
563000,5,7,0
563000,5,8,0
563000,5,9,0
563000,5,10,0
563000,6,0,22
563000,6,1,47
563000,6,2,135
563000,6,3,263
563000,6,4,171
563000,6,5,94
563000,6,6,43
563000,6,7,8
563000,6,8,15
563000,6,9,13
563000,6,10,13
563000,7,0,25
563000,7,1,29
563000,7,2,72
563000,7,3,170
563000,7,4,101
563000,7,5,59
563000,7,6,28
563000,7,7,15
563000,7,8,7
563000,7,9,8
563000,7,10,11
563000,8,0,12
563000,8,1,23
563000,8,2,207
563000,8,3,233
563000,8,4,126
563000,8,5,52
563000,8,6,27
563000,8,7,10
563000,8,8,0
563000,8,9,0
563000,8,10,0
563000,9,0,6
563000,9,1,14
563000,9,2,184
563000,9,3,139
563000,9,4,95
563000,9,5,25
563000,9,6,12
563000,9,7,0
563000,9,8,0
563000,9,9,0
563000,9,10,5
563000,10,0,1
563000,10,1,4
563000,10,2,46
563000,10,3,34
563000,10,4,23
563000,10,5,6
563000,10,6,3
563000,10,7,0
563000,10,8,0
563000,10,9,0
563000,10,10,1
573000,1,0,4155
573000,1,1,0
573000,1,2,0
573000,1,3,0
573000,1,4,0
573000,1,5,0
573000,1,6,0
573000,1,7,0
573000,1,8,0
573000,1,9,0
573000,1,10,0
573000,2,0,4038
573000,2,1,0
573000,2,2,0
573000,2,3,0
573000,2,4,0
573000,2,5,0
573000,2,6,0
573000,2,7,0
573000,2,8,0
573000,2,9,0
573000,2,10,0
573000,3,0,341
573000,3,1,1494
573000,3,2,0
573000,3,3,0
573000,3,4,0
573000,3,5,0
573000,3,6,0
573000,3,7,0
573000,3,8,0
573000,3,9,0
573000,3,10,0
573000,4,0,0
573000,4,1,1358
573000,4,2,1337
573000,4,3,550
573000,4,4,116
573000,4,5,41
573000,4,6,0
573000,4,7,0
573000,4,8,0
573000,4,9,0
573000,4,10,0
573000,5,0,63
573000,5,1,232
573000,5,2,703
573000,5,3,927
573000,5,4,375
573000,5,5,124
573000,5,6,33
573000,5,7,0
573000,5,8,0
573000,5,9,0
573000,5,10,0
573000,6,0,411
573000,6,1,629
573000,6,2,2423
573000,6,3,5344
573000,6,4,3197
573000,6,5,1606
573000,6,6,571
573000,6,7,282
573000,6,8,127
573000,6,9,120
573000,6,10,87
573000,7,0,183
573000,7,1,257
573000,7,2,1160
573000,7,3,2753
573000,7,4,1530
573000,7,5,860
573000,7,6,270
573000,7,7,120
573000,7,8,70
573000,7,9,56
573000,7,10,82
573000,8,0,86
573000,8,1,164
573000,8,2,2253
573000,8,3,2238
573000,8,4,868
573000,8,5,366
573000,8,6,145
573000,8,7,57
573000,8,8,23
573000,8,9,18
573000,8,10,33
573000,9,0,38
573000,9,1,99
573000,9,2,2387
573000,9,3,1083
573000,9,4,441
573000,9,5,101
573000,9,6,41
573000,9,7,18
573000,9,8,4
573000,9,9,7
573000,9,10,19
573000,10,0,13
573000,10,1,34
573000,10,2,835
573000,10,3,379
573000,10,4,154
573000,10,5,35
573000,10,6,14
573000,10,7,6
573000,10,8,2
573000,10,9,2
573000,10,10,7
575000,1,0,3707
575000,1,1,0
575000,1,2,0
575000,1,3,0
575000,1,4,0
575000,1,5,0
575000,1,6,0
575000,1,7,0
575000,1,8,0
575000,1,9,0
575000,1,10,0
575000,2,0,3617
575000,2,1,0
575000,2,2,0
575000,2,3,0
575000,2,4,0
575000,2,5,0
575000,2,6,0
575000,2,7,0
575000,2,8,0
575000,2,9,0
575000,2,10,0
575000,3,0,352
575000,3,1,1272
575000,3,2,0
575000,3,3,0
575000,3,4,0
575000,3,5,0
575000,3,6,0
575000,3,7,0
575000,3,8,0
575000,3,9,0
575000,3,10,0
575000,4,0,0
575000,4,1,1294
575000,4,2,1110
575000,4,3,475
575000,4,4,124
575000,4,5,34
575000,4,6,0
575000,4,7,0
575000,4,8,0
575000,4,9,0
575000,4,10,0
575000,5,0,69
575000,5,1,205
575000,5,2,616
575000,5,3,832
575000,5,4,301
575000,5,5,82
575000,5,6,33
575000,5,7,0
575000,5,8,0
575000,5,9,0
575000,5,10,0
575000,6,0,343
575000,6,1,583
575000,6,2,2253
575000,6,3,4911
575000,6,4,2850
575000,6,5,1430
575000,6,6,525
575000,6,7,236
575000,6,8,143
575000,6,9,106
575000,6,10,93
575000,7,0,147
575000,7,1,220
575000,7,2,1100
575000,7,3,2247
575000,7,4,1131
575000,7,5,618
575000,7,6,215
575000,7,7,89
575000,7,8,44
575000,7,9,52
575000,7,10,59
575000,8,0,77
575000,8,1,112
575000,8,2,1831
575000,8,3,1646
575000,8,4,599
575000,8,5,245
575000,8,6,96
575000,8,7,33
575000,8,8,19
575000,8,9,14
575000,8,10,31
575000,9,0,38
575000,9,1,80
575000,9,2,2073
575000,9,3,860
575000,9,4,291
575000,9,5,89
575000,9,6,30
575000,9,7,12
575000,9,8,7
575000,9,9,4
575000,9,10,13
575000,10,0,13
575000,10,1,28
575000,10,2,715
575000,10,3,296
575000,10,4,101
575000,10,5,31
575000,10,6,10
575000,10,7,4
575000,10,8,2
575000,10,9,2
575000,10,10,4
580000,1,0,4606
580000,1,1,0
580000,1,2,0
580000,1,3,0
580000,1,4,0
580000,1,5,0
580000,1,6,0
580000,1,7,0
580000,1,8,0
580000,1,9,0
580000,1,10,0
580000,2,0,4569
580000,2,1,0
580000,2,2,0
580000,2,3,0
580000,2,4,0
580000,2,5,0
580000,2,6,0
580000,2,7,0
580000,2,8,0
580000,2,9,0
580000,2,10,0
580000,3,0,582
580000,3,1,1659
580000,3,2,0
580000,3,3,0
580000,3,4,0
580000,3,5,0
580000,3,6,0
580000,3,7,0
580000,3,8,0
580000,3,9,0
580000,3,10,0
580000,4,0,0
580000,4,1,1862
580000,4,2,1507
580000,4,3,664
580000,4,4,117
580000,4,5,28
580000,4,6,0
580000,4,7,0
580000,4,8,0
580000,4,9,0
580000,4,10,0
580000,5,0,119
580000,5,1,265
580000,5,2,762
580000,5,3,1061
580000,5,4,317
580000,5,5,83
580000,5,6,37
580000,5,7,8
580000,5,8,0
580000,5,9,0
580000,5,10,0
580000,6,0,836
580000,6,1,740
580000,6,2,2950
580000,6,3,6555
580000,6,4,3407
580000,6,5,1596
580000,6,6,621
580000,6,7,236
580000,6,8,116
580000,6,9,126
580000,6,10,118
580000,7,0,397
580000,7,1,341
580000,7,2,1658
580000,7,3,3349
580000,7,4,1578
580000,7,5,753
580000,7,6,307
580000,7,7,168
580000,7,8,84
580000,7,9,69
580000,7,10,95
580000,8,0,196
580000,8,1,211
580000,8,2,2942
580000,8,3,2599
580000,8,4,1000
580000,8,5,396
580000,8,6,153
580000,8,7,49
580000,8,8,24
580000,8,9,20
580000,8,10,34
580000,9,0,75
580000,9,1,107
580000,9,2,2935
580000,9,3,1380
580000,9,4,604
580000,9,5,171
580000,9,6,59
580000,9,7,18
580000,9,8,11
580000,9,9,9
580000,9,10,21
580000,10,0,23
580000,10,1,32
580000,10,2,894
580000,10,3,420
580000,10,4,184
580000,10,5,52
580000,10,6,18
580000,10,7,6
580000,10,8,4
580000,10,9,3
580000,10,10,6
607000,1,0,4110
607000,1,1,0
607000,1,2,0
607000,1,3,0
607000,1,4,0
607000,1,5,0
607000,1,6,0
607000,1,7,0
607000,1,8,0
607000,1,9,0
607000,1,10,0
607000,2,0,4053
607000,2,1,0
607000,2,2,0
607000,2,3,0
607000,2,4,0
607000,2,5,0
607000,2,6,0
607000,2,7,0
607000,2,8,0
607000,2,9,0
607000,2,10,0
607000,3,0,386
607000,3,1,1472
607000,3,2,0
607000,3,3,0
607000,3,4,0
607000,3,5,0
607000,3,6,0
607000,3,7,0
607000,3,8,0
607000,3,9,0
607000,3,10,0
607000,4,0,0
607000,4,1,1798
607000,4,2,1475
607000,4,3,534
607000,4,4,116
607000,4,5,29
607000,4,6,0
607000,4,7,0
607000,4,8,0
607000,4,9,0
607000,4,10,0
607000,5,0,99
607000,5,1,315
607000,5,2,913
607000,5,3,1025
607000,5,4,421
607000,5,5,131
607000,5,6,29
607000,5,7,0
607000,5,8,0
607000,5,9,0
607000,5,10,0
607000,6,0,498
607000,6,1,655
607000,6,2,2874
607000,6,3,5569
607000,6,4,3524
607000,6,5,1683
607000,6,6,768
607000,6,7,368
607000,6,8,214
607000,6,9,194
607000,6,10,188
607000,7,0,129
607000,7,1,247
607000,7,2,1186
607000,7,3,2732
607000,7,4,1499
607000,7,5,773
607000,7,6,324
607000,7,7,195
607000,7,8,101
607000,7,9,114
607000,7,10,111
607000,8,0,73
607000,8,1,124
607000,8,2,2054
607000,8,3,2008
607000,8,4,792
607000,8,5,302
607000,8,6,143
607000,8,7,51
607000,8,8,26
607000,8,9,29
607000,8,10,32
607000,9,0,35
607000,9,1,84
607000,9,2,2261
607000,9,3,1289
607000,9,4,559
607000,9,5,132
607000,9,6,46
607000,9,7,15
607000,9,8,9
607000,9,9,13
607000,9,10,11
607000,10,0,10
607000,10,1,23
607000,10,2,625
607000,10,3,357
607000,10,4,155
607000,10,5,37
607000,10,6,13
607000,10,7,4
607000,10,8,3
607000,10,9,3
607000,10,10,3
615000,1,0,8988
615000,1,1,0
615000,1,2,0
615000,1,3,0
615000,1,4,0
615000,1,5,0
615000,1,6,0
615000,1,7,0
615000,1,8,0
615000,1,9,0
615000,1,10,0
615000,2,0,7897
615000,2,1,0
615000,2,2,0
615000,2,3,0
615000,2,4,0
615000,2,5,0
615000,2,6,0
615000,2,7,0
615000,2,8,0
615000,2,9,0
615000,2,10,0
615000,3,0,1039
615000,3,1,2401
615000,3,2,0
615000,3,3,0
615000,3,4,0
615000,3,5,0
615000,3,6,0
615000,3,7,0
615000,3,8,0
615000,3,9,0
615000,3,10,0
615000,4,0,0
615000,4,1,3776
615000,4,2,3192
615000,4,3,1254
615000,4,4,283
615000,4,5,58
615000,4,6,0
615000,4,7,0
615000,4,8,0
615000,4,9,0
615000,4,10,0
615000,5,0,210
615000,5,1,651
615000,5,2,1793
615000,5,3,2388
615000,5,4,894
615000,5,5,239
615000,5,6,71
615000,5,7,21
615000,5,8,10
615000,5,9,0
615000,5,10,0
615000,6,0,745
615000,6,1,1141
615000,6,2,4608
615000,6,3,11323
615000,6,4,7263
615000,6,5,3332
615000,6,6,1451
615000,6,7,696
615000,6,8,387
615000,6,9,324
615000,6,10,303
615000,7,0,276
615000,7,1,341
615000,7,2,1881
615000,7,3,4606
615000,7,4,2279
615000,7,5,1170
615000,7,6,506
615000,7,7,226
615000,7,8,120
615000,7,9,121
615000,7,10,140
615000,8,0,107
615000,8,1,223
615000,8,2,3650
615000,8,3,3438
615000,8,4,1240
615000,8,5,445
615000,8,6,221
615000,8,7,66
615000,8,8,38
615000,8,9,41
615000,8,10,60
615000,9,0,49
615000,9,1,118
615000,9,2,3644
615000,9,3,1750
615000,9,4,675
615000,9,5,197
615000,9,6,76
615000,9,7,21
615000,9,8,15
615000,9,9,17
615000,9,10,26
615000,10,0,15
615000,10,1,35
615000,10,2,1083
615000,10,3,520
615000,10,4,201
615000,10,5,59
615000,10,6,23
615000,10,7,6
615000,10,8,4
615000,10,9,5
615000,10,10,8
621000,1,0,8145
621000,1,1,0
621000,1,2,0
621000,1,3,0
621000,1,4,0
621000,1,5,0
621000,1,6,0
621000,1,7,0
621000,1,8,0
621000,1,9,0
621000,1,10,0
621000,2,0,7901
621000,2,1,0
621000,2,2,0
621000,2,3,0
621000,2,4,0
621000,2,5,0
621000,2,6,0
621000,2,7,0
621000,2,8,0
621000,2,9,0
621000,2,10,0
621000,3,0,777
621000,3,1,2781
621000,3,2,0
621000,3,3,0
621000,3,4,0
621000,3,5,0
621000,3,6,0
621000,3,7,0
621000,3,8,0
621000,3,9,0
621000,3,10,0
621000,4,0,0
621000,4,1,3702
621000,4,2,3032
621000,4,3,1023
621000,4,4,189
621000,4,5,44
621000,4,6,0
621000,4,7,0
621000,4,8,0
621000,4,9,0
621000,4,10,0
621000,5,0,213
621000,5,1,694
621000,5,2,1599
621000,5,3,2089
621000,5,4,823
621000,5,5,217
621000,5,6,67
621000,5,7,12
621000,5,8,0
621000,5,9,5
621000,5,10,0
621000,6,0,802
621000,6,1,1211
621000,6,2,4510
621000,6,3,9974
621000,6,4,6492
621000,6,5,3360
621000,6,6,1554
621000,6,7,815
621000,6,8,459
621000,6,9,485
621000,6,10,470
621000,7,0,282
621000,7,1,426
621000,7,2,1967
621000,7,3,4340
621000,7,4,2502
621000,7,5,1326
621000,7,6,567
621000,7,7,287
621000,7,8,172
621000,7,9,168
621000,7,10,218
621000,8,0,87
621000,8,1,279
621000,8,2,3682
621000,8,3,3386
621000,8,4,1269
621000,8,5,540
621000,8,6,237
621000,8,7,77
621000,8,8,56
621000,8,9,39
621000,8,10,64
621000,9,0,71
621000,9,1,162
621000,9,2,3877
621000,9,3,1878
621000,9,4,717
621000,9,5,211
621000,9,6,84
621000,9,7,34
621000,9,8,15
621000,9,9,12
621000,9,10,23
621000,10,0,20
621000,10,1,47
621000,10,2,1110
621000,10,3,537
621000,10,4,205
621000,10,5,60
621000,10,6,24
621000,10,7,10
621000,10,8,4
621000,10,9,4
621000,10,10,7
630000,1,0,11167
630000,1,1,0
630000,1,2,0
630000,1,3,0
630000,1,4,0
630000,1,5,0
630000,1,6,0
630000,1,7,0
630000,1,8,0
630000,1,9,0
630000,1,10,0
630000,2,0,9989
630000,2,1,0
630000,2,2,0
630000,2,3,0
630000,2,4,0
630000,2,5,0
630000,2,6,0
630000,2,7,0
630000,2,8,0
630000,2,9,0
630000,2,10,0
630000,3,0,1020
630000,3,1,3543
630000,3,2,0
630000,3,3,0
630000,3,4,0
630000,3,5,0
630000,3,6,0
630000,3,7,0
630000,3,8,0
630000,3,9,0
630000,3,10,0
630000,4,0,0
630000,4,1,4366
630000,4,2,3538
630000,4,3,1392
630000,4,4,312
630000,4,5,66
630000,4,6,13
630000,4,7,0
630000,4,8,0
630000,4,9,0
630000,4,10,0
630000,5,0,230
630000,5,1,650
630000,5,2,1981
630000,5,3,2699
630000,5,4,1114
630000,5,5,333
630000,5,6,94
630000,5,7,24
630000,5,8,0
630000,5,9,13
630000,5,10,0
630000,6,0,1181
630000,6,1,1473
630000,6,2,5655
630000,6,3,12476
630000,6,4,8378
630000,6,5,4495
630000,6,6,2192
630000,6,7,1203
630000,6,8,693
630000,6,9,656
630000,6,10,666
630000,7,0,425
630000,7,1,542
630000,7,2,2344
630000,7,3,5443
630000,7,4,3351
630000,7,5,1773
630000,7,6,829
630000,7,7,411
630000,7,8,242
630000,7,9,228
630000,7,10,300
630000,8,0,162
630000,8,1,331
630000,8,2,4312
630000,8,3,4138
630000,8,4,1758
630000,8,5,704
630000,8,6,288
630000,8,7,128
630000,8,8,70
630000,8,9,64
630000,8,10,77
630000,9,0,92
630000,9,1,198
630000,9,2,4625
630000,9,3,2410
630000,9,4,1000
630000,9,5,272
630000,9,6,107
630000,9,7,40
630000,9,8,15
630000,9,9,19
630000,9,10,36
630000,10,0,27
630000,10,1,59
630000,10,2,1367
630000,10,3,712
630000,10,4,295
630000,10,5,80
630000,10,6,31
630000,10,7,12
630000,10,8,4
630000,10,9,5
630000,10,10,11
657000,1,0,7878
657000,1,1,0
657000,1,2,0
657000,1,3,0
657000,1,4,0
657000,1,5,0
657000,1,6,0
657000,1,7,0
657000,1,8,0
657000,1,9,0
657000,1,10,0
657000,2,0,7399
657000,2,1,0
657000,2,2,0
657000,2,3,0
657000,2,4,0
657000,2,5,0
657000,2,6,0
657000,2,7,0
657000,2,8,0
657000,2,9,0
657000,2,10,0
657000,3,0,609
657000,3,1,2849
657000,3,2,0
657000,3,3,0
657000,3,4,0
657000,3,5,0
657000,3,6,0
657000,3,7,0
657000,3,8,0
657000,3,9,0
657000,3,10,0
657000,4,0,0
657000,4,1,3201
657000,4,2,2987
657000,4,3,1137
657000,4,4,252
657000,4,5,35
657000,4,6,0
657000,4,7,0
657000,4,8,0
657000,4,9,0
657000,4,10,0
657000,5,0,122
657000,5,1,515
657000,5,2,1502
657000,5,3,2071
657000,5,4,791
657000,5,5,206
657000,5,6,51
657000,5,7,9
657000,5,8,7
657000,5,9,0
657000,5,10,0
657000,6,0,630
657000,6,1,980
657000,6,2,4305
657000,6,3,9930
657000,6,4,6265
657000,6,5,3164
657000,6,6,1214
657000,6,7,572
657000,6,8,295
657000,6,9,275
657000,6,10,266
657000,7,0,210
657000,7,1,380
657000,7,2,1976
657000,7,3,4520
657000,7,4,2434
657000,7,5,1296
657000,7,6,489
657000,7,7,213
657000,7,8,132
657000,7,9,108
657000,7,10,164
657000,8,0,99
657000,8,1,271
657000,8,2,3805
657000,8,3,3233
657000,8,4,1276
657000,8,5,453
657000,8,6,198
657000,8,7,77
657000,8,8,49
657000,8,9,43
657000,8,10,53
657000,9,0,69
657000,9,1,167
657000,9,2,3903
657000,9,3,1760
657000,9,4,628
657000,9,5,164
657000,9,6,64
657000,9,7,34
657000,9,8,13
657000,9,9,16
657000,9,10,20
657000,10,0,21
657000,10,1,52
657000,10,2,1209
657000,10,3,545
657000,10,4,194
657000,10,5,51
657000,10,6,20
657000,10,7,11
657000,10,8,4
657000,10,9,5
657000,10,10,6
661000,1,0,5338
661000,1,1,0
661000,1,2,0
661000,1,3,0
661000,1,4,0
661000,1,5,0
661000,1,6,0
661000,1,7,0
661000,1,8,0
661000,1,9,0
661000,1,10,0
661000,2,0,4833
661000,2,1,0
661000,2,2,0
661000,2,3,0
661000,2,4,0
661000,2,5,0
661000,2,6,0
661000,2,7,0
661000,2,8,0
661000,2,9,0
661000,2,10,0
661000,3,0,447
661000,3,1,1879
661000,3,2,0
661000,3,3,0
661000,3,4,0
661000,3,5,0
661000,3,6,0
661000,3,7,0
661000,3,8,0
661000,3,9,0
661000,3,10,0
661000,4,0,0
661000,4,1,2225
661000,4,2,1852
661000,4,3,719
661000,4,4,140
661000,4,5,0
661000,4,6,0
661000,4,7,0
661000,4,8,0
661000,4,9,0
661000,4,10,0
661000,5,0,58
661000,5,1,306
661000,5,2,1055
661000,5,3,1294
661000,5,4,473
661000,5,5,134
661000,5,6,25
661000,5,7,0
661000,5,8,0
661000,5,9,0
661000,5,10,0
661000,6,0,401
661000,6,1,664
661000,6,2,2900
661000,6,3,6439
661000,6,4,3856
661000,6,5,1920
661000,6,6,708
661000,6,7,304
661000,6,8,163
661000,6,9,136
661000,6,10,156
661000,7,0,176
661000,7,1,268
661000,7,2,1311
661000,7,3,2947
661000,7,4,1651
661000,7,5,848
661000,7,6,265
661000,7,7,115
661000,7,8,60
661000,7,9,68
661000,7,10,85
661000,8,0,80
661000,8,1,169
661000,8,2,2509
661000,8,3,2362
661000,8,4,912
661000,8,5,343
661000,8,6,156
661000,8,7,57
661000,8,8,20
661000,8,9,27
661000,8,10,36
661000,9,0,49
661000,9,1,96
661000,9,2,2557
661000,9,3,1254
661000,9,4,463
661000,9,5,125
661000,9,6,46
661000,9,7,18
661000,9,8,9
661000,9,9,6
661000,9,10,19
661000,10,0,15
661000,10,1,30
661000,10,2,797
661000,10,3,391
661000,10,4,144
661000,10,5,39
661000,10,6,14
661000,10,7,5
661000,10,8,3
661000,10,9,2
661000,10,10,6
665000,1,0,1378
665000,1,1,0
665000,1,2,0
665000,1,3,0
665000,1,4,0
665000,1,5,0
665000,1,6,0
665000,1,7,0
665000,1,8,0
665000,1,9,0
665000,1,10,0
665000,2,0,1330
665000,2,1,0
665000,2,2,0
665000,2,3,0
665000,2,4,0
665000,2,5,0
665000,2,6,0
665000,2,7,0
665000,2,8,0
665000,2,9,0
665000,2,10,0
665000,3,0,96
665000,3,1,588
665000,3,2,0
665000,3,3,0
665000,3,4,0
665000,3,5,0
665000,3,6,0
665000,3,7,0
665000,3,8,0
665000,3,9,0
665000,3,10,0
665000,4,0,0
665000,4,1,619
665000,4,2,512
665000,4,3,178
665000,4,4,46
665000,4,5,8
665000,4,6,0
665000,4,7,0
665000,4,8,0
665000,4,9,0
665000,4,10,0
665000,5,0,27
665000,5,1,76
665000,5,2,221
665000,5,3,328
665000,5,4,104
665000,5,5,24
665000,5,6,6
665000,5,7,0
665000,5,8,0
665000,5,9,0
665000,5,10,0
665000,6,0,142
665000,6,1,236
665000,6,2,906
665000,6,3,1934
665000,6,4,1107
665000,6,5,536
665000,6,6,180
665000,6,7,72
665000,6,8,29
665000,6,9,37
665000,6,10,34
665000,7,0,103
665000,7,1,111
665000,7,2,502
665000,7,3,1196
665000,7,4,680
665000,7,5,358
665000,7,6,123
665000,7,7,54
665000,7,8,25
665000,7,9,26
665000,7,10,22
665000,8,0,43
665000,8,1,71
665000,8,2,992
665000,8,3,1040
665000,8,4,361
665000,8,5,155
665000,8,6,62
665000,8,7,17
665000,8,8,15
665000,8,9,6
665000,8,10,20
665000,9,0,26
665000,9,1,45
665000,9,2,1146
665000,9,3,521
665000,9,4,180
665000,9,5,57
665000,9,6,27
665000,9,7,12
665000,9,8,0
665000,9,9,0
665000,9,10,8
665000,10,0,8
665000,10,1,14
665000,10,2,348
665000,10,3,158
665000,10,4,54
665000,10,5,17
665000,10,6,8
665000,10,7,4
665000,10,8,0
665000,10,9,0
665000,10,10,2
671000,1,0,1440
671000,1,1,0
671000,1,2,0
671000,1,3,0
671000,1,4,0
671000,1,5,0
671000,1,6,0
671000,1,7,0
671000,1,8,0
671000,1,9,0
671000,1,10,0
671000,2,0,1482
671000,2,1,0
671000,2,2,0
671000,2,3,0
671000,2,4,0
671000,2,5,0
671000,2,6,0
671000,2,7,0
671000,2,8,0
671000,2,9,0
671000,2,10,0
671000,3,0,249
671000,3,1,622
671000,3,2,0
671000,3,3,0
671000,3,4,0
671000,3,5,0
671000,3,6,0
671000,3,7,0
671000,3,8,0
671000,3,9,0
671000,3,10,0
671000,4,0,0
671000,4,1,710
671000,4,2,490
671000,4,3,224
671000,4,4,39
671000,4,5,0
671000,4,6,0
671000,4,7,0
671000,4,8,0
671000,4,9,0
671000,4,10,0
671000,5,0,29
671000,5,1,76
671000,5,2,276
671000,5,3,333
671000,5,4,115
671000,5,5,27
671000,5,6,0
671000,5,7,0
671000,5,8,0
671000,5,9,0
671000,5,10,0
671000,6,0,185
671000,6,1,213
671000,6,2,1025
671000,6,3,2233
671000,6,4,1233
671000,6,5,554
671000,6,6,173
671000,6,7,88
671000,6,8,37
671000,6,9,32
671000,6,10,24
671000,7,0,86
671000,7,1,116
671000,7,2,539
671000,7,3,1184
671000,7,4,644
671000,7,5,317
671000,7,6,113
671000,7,7,53
671000,7,8,28
671000,7,9,14
671000,7,10,29
671000,8,0,39
671000,8,1,85
671000,8,2,1198
671000,8,3,1023
671000,8,4,367
671000,8,5,143
671000,8,6,59
671000,8,7,28
671000,8,8,8
671000,8,9,9
671000,8,10,17
671000,9,0,14
671000,9,1,31
671000,9,2,1182
671000,9,3,610
671000,9,4,220
671000,9,5,57
671000,9,6,21
671000,9,7,8
671000,9,8,0
671000,9,9,0
671000,9,10,8
671000,10,0,4
671000,10,1,9
671000,10,2,349
671000,10,3,180
671000,10,4,65
671000,10,5,17
671000,10,6,6
671000,10,7,3
671000,10,8,0
671000,10,9,0
671000,10,10,2
706000,1,0,3728
706000,1,1,0
706000,1,2,0
706000,1,3,0
706000,1,4,0
706000,1,5,0
706000,1,6,0
706000,1,7,0
706000,1,8,0
706000,1,9,0
706000,1,10,0
706000,2,0,3393
706000,2,1,0
706000,2,2,0
706000,2,3,0
706000,2,4,0
706000,2,5,0
706000,2,6,0
706000,2,7,0
706000,2,8,0
706000,2,9,0
706000,2,10,0
706000,3,0,351
706000,3,1,1237
706000,3,2,0
706000,3,3,0
706000,3,4,0
706000,3,5,0
706000,3,6,0
706000,3,7,0
706000,3,8,0
706000,3,9,0
706000,3,10,0
706000,4,0,0
706000,4,1,1439
706000,4,2,843
706000,4,3,277
706000,4,4,56
706000,4,5,15
706000,4,6,0
706000,4,7,0
706000,4,8,0
706000,4,9,0
706000,4,10,0
706000,5,0,88
706000,5,1,181
706000,5,2,492
706000,5,3,584
706000,5,4,187
706000,5,5,61
706000,5,6,18
706000,5,7,0
706000,5,8,0
706000,5,9,0
706000,5,10,0
706000,6,0,461
706000,6,1,582
706000,6,2,2093
706000,6,3,4611
706000,6,4,2760
706000,6,5,1335
706000,6,6,536
706000,6,7,257
706000,6,8,128
706000,6,9,117
706000,6,10,118
706000,7,0,193
706000,7,1,274
706000,7,2,1107
706000,7,3,2469
706000,7,4,1296
706000,7,5,662
706000,7,6,305
706000,7,7,108
706000,7,8,63
706000,7,9,63
706000,7,10,86
706000,8,0,131
706000,8,1,167
706000,8,2,2210
706000,8,3,2093
706000,8,4,863
706000,8,5,330
706000,8,6,131
706000,8,7,45
706000,8,8,33
706000,8,9,42
706000,8,10,32
706000,9,0,64
706000,9,1,106
706000,9,2,2270
706000,9,3,1179
706000,9,4,498
706000,9,5,143
706000,9,6,58
706000,9,7,20
706000,9,8,13
706000,9,9,12
706000,9,10,16
706000,10,0,17
706000,10,1,28
706000,10,2,610
706000,10,3,316
706000,10,4,134
706000,10,5,39
706000,10,6,16
706000,10,7,6
706000,10,8,4
706000,10,9,3
706000,10,10,4
707000,1,0,2557
707000,1,1,0
707000,1,2,0
707000,1,3,0
707000,1,4,0
707000,1,5,0
707000,1,6,0
707000,1,7,0
707000,1,8,0
707000,1,9,0
707000,1,10,0
707000,2,0,2469
707000,2,1,0
707000,2,2,0
707000,2,3,0
707000,2,4,0
707000,2,5,0
707000,2,6,0
707000,2,7,0
707000,2,8,0
707000,2,9,0
707000,2,10,0
707000,3,0,295
707000,3,1,1067
707000,3,2,0
707000,3,3,0
707000,3,4,0
707000,3,5,0
707000,3,6,0
707000,3,7,0
707000,3,8,0
707000,3,9,0
707000,3,10,0
707000,4,0,0
707000,4,1,1297
707000,4,2,893
707000,4,3,347
707000,4,4,82
707000,4,5,18
707000,4,6,0
707000,4,7,0
707000,4,8,0
707000,4,9,0
707000,4,10,0
707000,5,0,36
707000,5,1,202
707000,5,2,575
707000,5,3,656
707000,5,4,236
707000,5,5,59
707000,5,6,18
707000,5,7,0
707000,5,8,0
707000,5,9,0
707000,5,10,0
707000,6,0,265
707000,6,1,470
707000,6,2,2057
707000,6,3,4017
707000,6,4,2077
707000,6,5,988
707000,6,6,320
707000,6,7,114
707000,6,8,64
707000,6,9,56
707000,6,10,39
707000,7,0,158
707000,7,1,203
707000,7,2,1106
707000,7,3,2407
707000,7,4,1183
707000,7,5,524
707000,7,6,146
707000,7,7,66
707000,7,8,30
707000,7,9,42
707000,7,10,25
707000,8,0,67
707000,8,1,127
707000,8,2,1993
707000,8,3,1949
707000,8,4,664
707000,8,5,262
707000,8,6,94
707000,8,7,32
707000,8,8,18
707000,8,9,15
707000,8,10,21
707000,9,0,35
707000,9,1,58
707000,9,2,2011
707000,9,3,920
707000,9,4,309
707000,9,5,92
707000,9,6,33
707000,9,7,8
707000,9,8,5
707000,9,9,6
707000,9,10,5
707000,10,0,11
707000,10,1,18
707000,10,2,629
707000,10,3,288
707000,10,4,97
707000,10,5,29
707000,10,6,10
707000,10,7,3
707000,10,8,1
707000,10,9,2
707000,10,10,2
710000,1,0,4933
710000,1,1,0
710000,1,2,0
710000,1,3,0
710000,1,4,0
710000,1,5,0
710000,1,6,0
710000,1,7,0
710000,1,8,0
710000,1,9,0
710000,1,10,0
710000,2,0,4663
710000,2,1,0
710000,2,2,0
710000,2,3,0
710000,2,4,0
710000,2,5,0
710000,2,6,0
710000,2,7,0
710000,2,8,0
710000,2,9,0
710000,2,10,0
710000,3,0,479
710000,3,1,1719
710000,3,2,0
710000,3,3,0
710000,3,4,0
710000,3,5,0
710000,3,6,0
710000,3,7,0
710000,3,8,0
710000,3,9,0
710000,3,10,0
710000,4,0,0
710000,4,1,1779
710000,4,2,928
710000,4,3,341
710000,4,4,69
710000,4,5,24
710000,4,6,0
710000,4,7,0
710000,4,8,0
710000,4,9,0
710000,4,10,0
710000,5,0,71
710000,5,1,181
710000,5,2,521
710000,5,3,782
710000,5,4,275
710000,5,5,91
710000,5,6,29
710000,5,7,11
710000,5,8,0
710000,5,9,0
710000,5,10,0
710000,6,0,384
710000,6,1,574
710000,6,2,2077
710000,6,3,5593
710000,6,4,3809
710000,6,5,2144
710000,6,6,957
710000,6,7,478
710000,6,8,246
710000,6,9,201
710000,6,10,215
710000,7,0,164
710000,7,1,239
710000,7,2,824
710000,7,3,2191
710000,7,4,1323
710000,7,5,730
710000,7,6,319
710000,7,7,142
710000,7,8,88
710000,7,9,106
710000,7,10,88
710000,8,0,68
710000,8,1,138
710000,8,2,1778
710000,8,3,1689
710000,8,4,730
710000,8,5,302
710000,8,6,126
710000,8,7,41
710000,8,8,21
710000,8,9,19
710000,8,10,25
710000,9,0,46
710000,9,1,96
710000,9,2,1972
710000,9,3,1024
710000,9,4,349
710000,9,5,106
710000,9,6,34
710000,9,7,10
710000,9,8,5
710000,9,9,12
710000,9,10,7
710000,10,0,13
710000,10,1,27
710000,10,2,551
710000,10,3,286
710000,10,4,98
710000,10,5,29
710000,10,6,9
710000,10,7,3
710000,10,8,1
710000,10,9,3
710000,10,10,2
727000,1,0,2062
727000,1,1,0
727000,1,2,0
727000,1,3,0
727000,1,4,0
727000,1,5,0
727000,1,6,0
727000,1,7,0
727000,1,8,0
727000,1,9,0
727000,1,10,0
727000,2,0,1903
727000,2,1,0
727000,2,2,0
727000,2,3,0
727000,2,4,0
727000,2,5,0
727000,2,6,0
727000,2,7,0
727000,2,8,0
727000,2,9,0
727000,2,10,0
727000,3,0,199
727000,3,1,719
727000,3,2,0
727000,3,3,0
727000,3,4,0
727000,3,5,0
727000,3,6,0
727000,3,7,0
727000,3,8,0
727000,3,9,0
727000,3,10,0
727000,4,0,0
727000,4,1,861
727000,4,2,466
727000,4,3,156
727000,4,4,45
727000,4,5,0
727000,4,6,0
727000,4,7,0
727000,4,8,0
727000,4,9,0
727000,4,10,0
727000,5,0,39
727000,5,1,96
727000,5,2,236
727000,5,3,290
727000,5,4,113
727000,5,5,29
727000,5,6,0
727000,5,7,0
727000,5,8,0
727000,5,9,0
727000,5,10,0
727000,6,0,182
727000,6,1,249
727000,6,2,1018
727000,6,3,2481
727000,6,4,1663
727000,6,5,780
727000,6,6,326
727000,6,7,161
727000,6,8,74
727000,6,9,68
727000,6,10,76
727000,7,0,101
727000,7,1,139
727000,7,2,480
727000,7,3,1201
727000,7,4,773
727000,7,5,419
727000,7,6,184
727000,7,7,81
727000,7,8,43
727000,7,9,47
727000,7,10,46
727000,8,0,39
727000,8,1,96
727000,8,2,1064
727000,8,3,1062
727000,8,4,456
727000,8,5,191
727000,8,6,79
727000,8,7,33
727000,8,8,15
727000,8,9,11
727000,8,10,18
727000,9,0,17
727000,9,1,55
727000,9,2,1067
727000,9,3,602
727000,9,4,233
727000,9,5,70
727000,9,6,22
727000,9,7,14
727000,9,8,0
727000,9,9,8
727000,9,10,0
727000,10,0,6
727000,10,1,18
727000,10,2,341
727000,10,3,192
727000,10,4,75
727000,10,5,22
727000,10,6,7
727000,10,7,5
727000,10,8,0
727000,10,9,2
727000,10,10,0
730000,1,0,8331
730000,1,1,0
730000,1,2,0
730000,1,3,0
730000,1,4,0
730000,1,5,0
730000,1,6,0
730000,1,7,0
730000,1,8,0
730000,1,9,0
730000,1,10,0
730000,2,0,7653
730000,2,1,0
730000,2,2,0
730000,2,3,0
730000,2,4,0
730000,2,5,0
730000,2,6,0
730000,2,7,0
730000,2,8,0
730000,2,9,0
730000,2,10,0
730000,3,0,729
730000,3,1,2822
730000,3,2,0
730000,3,3,0
730000,3,4,0
730000,3,5,0
730000,3,6,0
730000,3,7,0
730000,3,8,0
730000,3,9,0
730000,3,10,0
730000,4,0,0
730000,4,1,3705
730000,4,2,3047
730000,4,3,1003
730000,4,4,168
730000,4,5,43
730000,4,6,11
730000,4,7,0
730000,4,8,0
730000,4,9,0
730000,4,10,0
730000,5,0,159
730000,5,1,658
730000,5,2,2175
730000,5,3,2220
730000,5,4,730
730000,5,5,201
730000,5,6,46
730000,5,7,18
730000,5,8,0
730000,5,9,7
730000,5,10,0
730000,6,0,795
730000,6,1,1277
730000,6,2,5704
730000,6,3,11729
730000,6,4,6630
730000,6,5,3012
730000,6,6,1250
730000,6,7,583
730000,6,8,287
730000,6,9,254
730000,6,10,292
730000,7,0,309
730000,7,1,420
730000,7,2,2192
730000,7,3,5362
730000,7,4,2642
730000,7,5,1267
730000,7,6,509
730000,7,7,243
730000,7,8,129
730000,7,9,107
730000,7,10,145
730000,8,0,95
730000,8,1,246
730000,8,2,4212
730000,8,3,3904
730000,8,4,1426
730000,8,5,468
730000,8,6,180
730000,8,7,78
730000,8,8,31
730000,8,9,34
730000,8,10,34
730000,9,0,94
730000,9,1,127
730000,9,2,4449
730000,9,3,2153
730000,9,4,843
730000,9,5,197
730000,9,6,62
730000,9,7,34
730000,9,8,13
730000,9,9,18
730000,9,10,26
730000,10,0,27
730000,10,1,37
730000,10,2,1301
730000,10,3,630
730000,10,4,246
730000,10,5,58
730000,10,6,18
730000,10,7,10
730000,10,8,4
730000,10,9,5
730000,10,10,7
740000,1,0,9854
740000,1,1,0
740000,1,2,0
740000,1,3,0
740000,1,4,0
740000,1,5,0
740000,1,6,0
740000,1,7,0
740000,1,8,0
740000,1,9,0
740000,1,10,0
740000,2,0,8072
740000,2,1,0
740000,2,2,0
740000,2,3,0
740000,2,4,0
740000,2,5,0
740000,2,6,0
740000,2,7,0
740000,2,8,0
740000,2,9,0
740000,2,10,0
740000,3,0,751
740000,3,1,3154
740000,3,2,0
740000,3,3,0
740000,3,4,0
740000,3,5,0
740000,3,6,0
740000,3,7,0
740000,3,8,0
740000,3,9,0
740000,3,10,0
740000,4,0,0
740000,4,1,3580
740000,4,2,2563
740000,4,3,878
740000,4,4,157
740000,4,5,43
740000,4,6,13
740000,4,7,0
740000,4,8,0
740000,4,9,0
740000,4,10,0
740000,5,0,103
740000,5,1,488
740000,5,2,1526
740000,5,3,2008
740000,5,4,772
740000,5,5,233
740000,5,6,74
740000,5,7,19
740000,5,8,0
740000,5,9,6
740000,5,10,0
740000,6,0,760
740000,6,1,1198
740000,6,2,4471
740000,6,3,10749
740000,6,4,7222
740000,6,5,3801
740000,6,6,1600
740000,6,7,829
740000,6,8,447
740000,6,9,432
740000,6,10,484
740000,7,0,333
740000,7,1,517
740000,7,2,1823
740000,7,3,4703
740000,7,4,2653
740000,7,5,1470
740000,7,6,649
740000,7,7,335
740000,7,8,170
740000,7,9,199
740000,7,10,221
740000,8,0,150
740000,8,1,298
740000,8,2,3879
740000,8,3,3829
740000,8,4,1483
740000,8,5,602
740000,8,6,260
740000,8,7,89
740000,8,8,55
740000,8,9,48
740000,8,10,84
740000,9,0,73
740000,9,1,153
740000,9,2,3859
740000,9,3,1948
740000,9,4,768
740000,9,5,226
740000,9,6,86
740000,9,7,32
740000,9,8,18
740000,9,9,20
740000,9,10,28
740000,10,0,21
740000,10,1,43
740000,10,2,1098
740000,10,3,554
740000,10,4,219
740000,10,5,64
740000,10,6,25
740000,10,7,9
740000,10,8,5
740000,10,9,6
740000,10,10,8
741000,1,0,244
741000,1,1,0
741000,1,2,0
741000,1,3,0
741000,1,4,0
741000,1,5,0
741000,1,6,0
741000,1,7,0
741000,1,8,0
741000,1,9,0
741000,1,10,0
741000,2,0,232
741000,2,1,0
741000,2,2,0
741000,2,3,0
741000,2,4,0
741000,2,5,0
741000,2,6,0
741000,2,7,0
741000,2,8,0
741000,2,9,0
741000,2,10,0
741000,3,0,24
741000,3,1,77
741000,3,2,0
741000,3,3,0
741000,3,4,0
741000,3,5,0
741000,3,6,0
741000,3,7,0
741000,3,8,0
741000,3,9,0
741000,3,10,0
741000,4,0,0
741000,4,1,42
741000,4,2,42
741000,4,3,30
741000,4,4,0
741000,4,5,0
741000,4,6,0
741000,4,7,0
741000,4,8,0
741000,4,9,0
741000,4,10,0
741000,5,0,0
741000,5,1,14
741000,5,2,35
741000,5,3,48
741000,5,4,0
741000,5,5,0
741000,5,6,0
741000,5,7,0
741000,5,8,0
741000,5,9,0
741000,5,10,0
741000,6,0,47
741000,6,1,61
741000,6,2,188
741000,6,3,390
741000,6,4,149
741000,6,5,84
741000,6,6,25
741000,6,7,0
741000,6,8,6
741000,6,9,0
741000,6,10,0
741000,7,0,44
741000,7,1,42
741000,7,2,122
741000,7,3,281
741000,7,4,119
741000,7,5,58
741000,7,6,17
741000,7,7,14
741000,7,8,0
741000,7,9,0
741000,7,10,0
741000,8,0,11
741000,8,1,17
741000,8,2,262
741000,8,3,263
741000,8,4,95
741000,8,5,45
741000,8,6,14
741000,8,7,0
741000,8,8,0
741000,8,9,0
741000,8,10,0
741000,9,0,0
741000,9,1,7
741000,9,2,232
741000,9,3,150
741000,9,4,54
741000,9,5,17
741000,9,6,5
741000,9,7,0
741000,9,8,0
741000,9,9,0
741000,9,10,0
741000,10,0,0
741000,10,1,3
741000,10,2,83
741000,10,3,54
741000,10,4,20
741000,10,5,6
741000,10,6,2
741000,10,7,0
741000,10,8,0
741000,10,9,0
741000,10,10,0
746000,1,0,7501
746000,1,1,0
746000,1,2,0
746000,1,3,0
746000,1,4,0
746000,1,5,0
746000,1,6,0
746000,1,7,0
746000,1,8,0
746000,1,9,0
746000,1,10,0
746000,2,0,6131
746000,2,1,0
746000,2,2,0
746000,2,3,0
746000,2,4,0
746000,2,5,0
746000,2,6,0
746000,2,7,0
746000,2,8,0
746000,2,9,0
746000,2,10,0
746000,3,0,557
746000,3,1,2233
746000,3,2,0
746000,3,3,0
746000,3,4,0
746000,3,5,0
746000,3,6,0
746000,3,7,0
746000,3,8,0
746000,3,9,0
746000,3,10,0
746000,4,0,0
746000,4,1,2322
746000,4,2,1182
746000,4,3,437
746000,4,4,67
746000,4,5,13
746000,4,6,0
746000,4,7,0
746000,4,8,0
746000,4,9,0
746000,4,10,0
746000,5,0,60
746000,5,1,214
746000,5,2,607
746000,5,3,835
746000,5,4,331
746000,5,5,92
746000,5,6,22
746000,5,7,12
746000,5,8,0
746000,5,9,0
746000,5,10,0
746000,6,0,452
746000,6,1,710
746000,6,2,2505
746000,6,3,6751
746000,6,4,5198
746000,6,5,2958
746000,6,6,1490
746000,6,7,747
746000,6,8,451
746000,6,9,393
746000,6,10,418
746000,7,0,192
746000,7,1,286
746000,7,2,998
746000,7,3,2749
746000,7,4,1810
746000,7,5,1054
746000,7,6,436
746000,7,7,231
746000,7,8,127
746000,7,9,137
746000,7,10,160
746000,8,0,92
746000,8,1,190
746000,8,2,2251
746000,8,3,2247
746000,8,4,1001
746000,8,5,422
746000,8,6,184
746000,8,7,67
746000,8,8,29
746000,8,9,40
746000,8,10,43
746000,9,0,50
746000,9,1,110
746000,9,2,2280
746000,9,3,1248
746000,9,4,534
746000,9,5,151
746000,9,6,69
746000,9,7,17
746000,9,8,12
746000,9,9,10
746000,9,10,14
746000,10,0,14
746000,10,1,29
746000,10,2,613
746000,10,3,335
746000,10,4,143
746000,10,5,41
746000,10,6,18
746000,10,7,5
746000,10,8,3
746000,10,9,3
746000,10,10,4
751000,1,0,30273
751000,1,1,0
751000,1,2,0
751000,1,3,0
751000,1,4,0
751000,1,5,0
751000,1,6,0
751000,1,7,0
751000,1,8,0
751000,1,9,0
751000,1,10,0
751000,2,0,23780
751000,2,1,0
751000,2,2,0
751000,2,3,0
751000,2,4,0
751000,2,5,0
751000,2,6,0
751000,2,7,0
751000,2,8,0
751000,2,9,0
751000,2,10,0
751000,3,0,4285
751000,3,1,6082
751000,3,2,0
751000,3,3,0
751000,3,4,0
751000,3,5,0
751000,3,6,0
751000,3,7,0
751000,3,8,0
751000,3,9,0
751000,3,10,0
751000,4,0,0
751000,4,1,24183
751000,4,2,24196
751000,4,3,5003
751000,4,4,643
751000,4,5,137
751000,4,6,39
751000,4,7,12
751000,4,8,13
751000,4,9,0
751000,4,10,0
751000,5,0,1613
751000,5,1,6698
751000,5,2,16659
751000,5,3,12376
751000,5,4,5743
751000,5,5,1562
751000,5,6,424
751000,5,7,133
751000,5,8,60
751000,5,9,50
751000,5,10,75
751000,6,0,4482
751000,6,1,4898
751000,6,2,15566
751000,6,3,31282
751000,6,4,22586
751000,6,5,12639
751000,6,6,5829
751000,6,7,3000
751000,6,8,1758
751000,6,9,1820
751000,6,10,2010
751000,7,0,1150
751000,7,1,1216
751000,7,2,5614
751000,7,3,12140
751000,7,4,7398
751000,7,5,4128
751000,7,6,1876
751000,7,7,1082
751000,7,8,610
751000,7,9,673
751000,7,10,897
751000,8,0,542
751000,8,1,980
751000,8,2,9072
751000,8,3,10092
751000,8,4,4772
751000,8,5,2032
751000,8,6,916
751000,8,7,409
751000,8,8,225
751000,8,9,234
751000,8,10,356
751000,9,0,240
751000,9,1,545
751000,9,2,8373
751000,9,3,5713
751000,9,4,2796
751000,9,5,820
751000,9,6,358
751000,9,7,144
751000,9,8,94
751000,9,9,79
751000,9,10,104
751000,10,0,74
751000,10,1,169
751000,10,2,2588
751000,10,3,1766
751000,10,4,864
751000,10,5,253
751000,10,6,111
751000,10,7,44
751000,10,8,29
751000,10,9,25
751000,10,10,32
756000,1,0,3696
756000,1,1,0
756000,1,2,0
756000,1,3,0
756000,1,4,0
756000,1,5,0
756000,1,6,0
756000,1,7,0
756000,1,8,0
756000,1,9,0
756000,1,10,0
756000,2,0,3710
756000,2,1,0
756000,2,2,0
756000,2,3,0
756000,2,4,0
756000,2,5,0
756000,2,6,0
756000,2,7,0
756000,2,8,0
756000,2,9,0
756000,2,10,0
756000,3,0,487
756000,3,1,1199
756000,3,2,0
756000,3,3,0
756000,3,4,0
756000,3,5,0
756000,3,6,0
756000,3,7,0
756000,3,8,0
756000,3,9,0
756000,3,10,0
756000,4,0,0
756000,4,1,1399
756000,4,2,1111
756000,4,3,448
756000,4,4,104
756000,4,5,21
756000,4,6,0
756000,4,7,0
756000,4,8,0
756000,4,9,0
756000,4,10,0
756000,5,0,139
756000,5,1,168
756000,5,2,563
756000,5,3,838
756000,5,4,322
756000,5,5,118
756000,5,6,23
756000,5,7,0
756000,5,8,0
756000,5,9,0
756000,5,10,0
756000,6,0,556
756000,6,1,521
756000,6,2,2249
756000,6,3,4724
756000,6,4,2859
756000,6,5,1471
756000,6,6,641
756000,6,7,256
756000,6,8,121
756000,6,9,114
756000,6,10,118
756000,7,0,145
756000,7,1,229
756000,7,2,1065
756000,7,3,2162
756000,7,4,1087
756000,7,5,538
756000,7,6,220
756000,7,7,95
756000,7,8,48
756000,7,9,36
756000,7,10,50
756000,8,0,69
756000,8,1,98
756000,8,2,1972
756000,8,3,1565
756000,8,4,560
756000,8,5,218
756000,8,6,96
756000,8,7,28
756000,8,8,14
756000,8,9,14
756000,8,10,18
756000,9,0,36
756000,9,1,63
756000,9,2,1980
756000,9,3,806
756000,9,4,262
756000,9,5,72
756000,9,6,32
756000,9,7,9
756000,9,8,9
756000,9,9,5
756000,9,10,5
756000,10,0,10
756000,10,1,19
756000,10,2,579
756000,10,3,236
756000,10,4,76
756000,10,5,21
756000,10,6,9
756000,10,7,3
756000,10,8,2
756000,10,9,1
756000,10,10,2
760000,1,0,4576
760000,1,1,0
760000,1,2,0
760000,1,3,0
760000,1,4,0
760000,1,5,0
760000,1,6,0
760000,1,7,0
760000,1,8,0
760000,1,9,0
760000,1,10,0
760000,2,0,4469
760000,2,1,0
760000,2,2,0
760000,2,3,0
760000,2,4,0
760000,2,5,0
760000,2,6,0
760000,2,7,0
760000,2,8,0
760000,2,9,0
760000,2,10,0
760000,3,0,411
760000,3,1,1928
760000,3,2,0
760000,3,3,0
760000,3,4,0
760000,3,5,0
760000,3,6,0
760000,3,7,0
760000,3,8,0
760000,3,9,0
760000,3,10,0
760000,4,0,0
760000,4,1,1797
760000,4,2,1620
760000,4,3,672
760000,4,4,128
760000,4,5,31
760000,4,6,0
760000,4,7,0
760000,4,8,0
760000,4,9,0
760000,4,10,0
760000,5,0,91
760000,5,1,229
760000,5,2,745
760000,5,3,1090
760000,5,4,384
760000,5,5,144
760000,5,6,31
760000,5,7,0
760000,5,8,0
760000,5,9,0
760000,5,10,0
760000,6,0,400
760000,6,1,637
760000,6,2,2783
760000,6,3,6033
760000,6,4,3572
760000,6,5,1731
760000,6,6,670
760000,6,7,254
760000,6,8,110
760000,6,9,97
760000,6,10,122
760000,7,0,214
760000,7,1,297
760000,7,2,1380
760000,7,3,3034
760000,7,4,1700
760000,7,5,886
760000,7,6,334
760000,7,7,132
760000,7,8,56
760000,7,9,67
760000,7,10,65
760000,8,0,80
760000,8,1,185
760000,8,2,2762
760000,8,3,2370
760000,8,4,878
760000,8,5,382
760000,8,6,155
760000,8,7,63
760000,8,8,28
760000,8,9,16
760000,8,10,35
760000,9,0,62
760000,9,1,127
760000,9,2,2820
760000,9,3,1165
760000,9,4,423
760000,9,5,135
760000,9,6,57
760000,9,7,15
760000,9,8,10
760000,9,9,11
760000,9,10,20
760000,10,0,21
760000,10,1,43
760000,10,2,947
760000,10,3,392
760000,10,4,142
760000,10,5,46
760000,10,6,19
760000,10,7,5
760000,10,8,3
760000,10,9,4
760000,10,10,7
766000,1,0,4051
766000,1,1,0
766000,1,2,0
766000,1,3,0
766000,1,4,0
766000,1,5,0
766000,1,6,0
766000,1,7,0
766000,1,8,0
766000,1,9,0
766000,1,10,0
766000,2,0,3989
766000,2,1,0
766000,2,2,0
766000,2,3,0
766000,2,4,0
766000,2,5,0
766000,2,6,0
766000,2,7,0
766000,2,8,0
766000,2,9,0
766000,2,10,0
766000,3,0,405
766000,3,1,1561
766000,3,2,0
766000,3,3,0
766000,3,4,0
766000,3,5,0
766000,3,6,0
766000,3,7,0
766000,3,8,0
766000,3,9,0
766000,3,10,0
766000,4,0,0
766000,4,1,1440
766000,4,2,1169
766000,4,3,491
766000,4,4,104
766000,4,5,24
766000,4,6,0
766000,4,7,0
766000,4,8,0
766000,4,9,0
766000,4,10,0
766000,5,0,60
766000,5,1,166
766000,5,2,586
766000,5,3,865
766000,5,4,356
766000,5,5,126
766000,5,6,45
766000,5,7,0
766000,5,8,0
766000,5,9,0
766000,5,10,0
766000,6,0,310
766000,6,1,480
766000,6,2,2164
766000,6,3,5578
766000,6,4,3553
766000,6,5,1762
766000,6,6,646
766000,6,7,291
766000,6,8,183
766000,6,9,151
766000,6,10,151
766000,7,0,175
766000,7,1,223
766000,7,2,1006
766000,7,3,2529
766000,7,4,1478
766000,7,5,757
766000,7,6,303
766000,7,7,159
766000,7,8,83
766000,7,9,66
766000,7,10,81
766000,8,0,77
766000,8,1,121
766000,8,2,2014
766000,8,3,1744
766000,8,4,746
766000,8,5,302
766000,8,6,109
766000,8,7,40
766000,8,8,24
766000,8,9,22
766000,8,10,28
766000,9,0,35
766000,9,1,65
766000,9,2,2072
766000,9,3,968
766000,9,4,327
766000,9,5,85
766000,9,6,34
766000,9,7,8
766000,9,8,8
766000,9,9,8
766000,9,10,14
766000,10,0,11
766000,10,1,22
766000,10,2,681
766000,10,3,318
766000,10,4,107
766000,10,5,28
766000,10,6,11
766000,10,7,3
766000,10,8,3
766000,10,9,2
766000,10,10,5
773000,1,0,1436
773000,1,1,0
773000,1,2,0
773000,1,3,0
773000,1,4,0
773000,1,5,0
773000,1,6,0
773000,1,7,0
773000,1,8,0
773000,1,9,0
773000,1,10,0
773000,2,0,1468
773000,2,1,0
773000,2,2,0
773000,2,3,0
773000,2,4,0
773000,2,5,0
773000,2,6,0
773000,2,7,0
773000,2,8,0
773000,2,9,0
773000,2,10,0
773000,3,0,168
773000,3,1,594
773000,3,2,0
773000,3,3,0
773000,3,4,0
773000,3,5,0
773000,3,6,0
773000,3,7,0
773000,3,8,0
773000,3,9,0
773000,3,10,0
773000,4,0,0
773000,4,1,597
773000,4,2,512
773000,4,3,225
773000,4,4,40
773000,4,5,0
773000,4,6,0
773000,4,7,0
773000,4,8,0
773000,4,9,0
773000,4,10,0
773000,5,0,19
773000,5,1,80
773000,5,2,266
773000,5,3,376
773000,5,4,133
773000,5,5,29
773000,5,6,8
773000,5,7,0
773000,5,8,0
773000,5,9,0
773000,5,10,0
773000,6,0,119
773000,6,1,188
773000,6,2,910
773000,6,3,2314
773000,6,4,1115
773000,6,5,508
773000,6,6,146
773000,6,7,57
773000,6,8,22
773000,6,9,28
773000,6,10,20
773000,7,0,68
773000,7,1,97
773000,7,2,560
773000,7,3,1383
773000,7,4,577
773000,7,5,260
773000,7,6,69
773000,7,7,28
773000,7,8,11
773000,7,9,18
773000,7,10,22
773000,8,0,25
773000,8,1,59
773000,8,2,1242
773000,8,3,971
773000,8,4,342
773000,8,5,113
773000,8,6,51
773000,8,7,17
773000,8,8,9
773000,8,9,7
773000,8,10,15
773000,9,0,13
773000,9,1,18
773000,9,2,1231
773000,9,3,449
773000,9,4,171
773000,9,5,41
773000,9,6,23
773000,9,7,5
773000,9,8,4
773000,9,9,6
773000,9,10,5
773000,10,0,4
773000,10,1,6
773000,10,2,401
773000,10,3,146
773000,10,4,56
773000,10,5,14
773000,10,6,7
773000,10,7,1
773000,10,8,1
773000,10,9,2
773000,10,10,1
779000,1,0,3175
779000,1,1,0
779000,1,2,0
779000,1,3,0
779000,1,4,0
779000,1,5,0
779000,1,6,0
779000,1,7,0
779000,1,8,0
779000,1,9,0
779000,1,10,0
779000,2,0,3434
779000,2,1,0
779000,2,2,0
779000,2,3,0
779000,2,4,0
779000,2,5,0
779000,2,6,0
779000,2,7,0
779000,2,8,0
779000,2,9,0
779000,2,10,0
779000,3,0,319
779000,3,1,1333
779000,3,2,0
779000,3,3,0
779000,3,4,0
779000,3,5,0
779000,3,6,0
779000,3,7,0
779000,3,8,0
779000,3,9,0
779000,3,10,0
779000,4,0,0
779000,4,1,1475
779000,4,2,1149
779000,4,3,565
779000,4,4,95
779000,4,5,22
779000,4,6,0
779000,4,7,0
779000,4,8,0
779000,4,9,0
779000,4,10,0
779000,5,0,62
779000,5,1,191
779000,5,2,628
779000,5,3,906
779000,5,4,266
779000,5,5,88
779000,5,6,14
779000,5,7,0
779000,5,8,0
779000,5,9,0
779000,5,10,0
779000,6,0,326
779000,6,1,486
779000,6,2,2169
779000,6,3,5092
779000,6,4,2843
779000,6,5,1256
779000,6,6,447
779000,6,7,186
779000,6,8,79
779000,6,9,57
779000,6,10,69
779000,7,0,151
779000,7,1,234
779000,7,2,1176
779000,7,3,2783
779000,7,4,1333
779000,7,5,642
779000,7,6,236
779000,7,7,93
779000,7,8,68
779000,7,9,47
779000,7,10,50
779000,8,0,79
779000,8,1,121
779000,8,2,2417
779000,8,3,2094
779000,8,4,751
779000,8,5,290
779000,8,6,116
779000,8,7,43
779000,8,8,16
779000,8,9,25
779000,8,10,29
779000,9,0,30
779000,9,1,54
779000,9,2,2474
779000,9,3,1064
779000,9,4,391
779000,9,5,114
779000,9,6,41
779000,9,7,12
779000,9,8,7
779000,9,9,7
779000,9,10,13
779000,10,0,10
779000,10,1,17
779000,10,2,786
779000,10,3,338
779000,10,4,124
779000,10,5,36
779000,10,6,13
779000,10,7,4
779000,10,8,2
779000,10,9,2
779000,10,10,4
787000,1,0,3536
787000,1,1,0
787000,1,2,0
787000,1,3,0
787000,1,4,0
787000,1,5,0
787000,1,6,0
787000,1,7,0
787000,1,8,0
787000,1,9,0
787000,1,10,0
787000,2,0,3293
787000,2,1,0
787000,2,2,0
787000,2,3,0
787000,2,4,0
787000,2,5,0
787000,2,6,0
787000,2,7,0
787000,2,8,0
787000,2,9,0
787000,2,10,0
787000,3,0,238
787000,3,1,1384
787000,3,2,0
787000,3,3,0
787000,3,4,0
787000,3,5,0
787000,3,6,0
787000,3,7,0
787000,3,8,0
787000,3,9,0
787000,3,10,0
787000,4,0,0
787000,4,1,1372
787000,4,2,1157
787000,4,3,444
787000,4,4,101
787000,4,5,26
787000,4,6,9
787000,4,7,0
787000,4,8,0
787000,4,9,0
787000,4,10,0
787000,5,0,62
787000,5,1,183
787000,5,2,633
787000,5,3,813
787000,5,4,287
787000,5,5,57
787000,5,6,25
787000,5,7,0
787000,5,8,0
787000,5,9,0
787000,5,10,0
787000,6,0,309
787000,6,1,551
787000,6,2,2136
787000,6,3,4947
787000,6,4,2516
787000,6,5,1121
787000,6,6,380
787000,6,7,188
787000,6,8,78
787000,6,9,75
787000,6,10,64
787000,7,0,174
787000,7,1,252
787000,7,2,1233
787000,7,3,2626
787000,7,4,1206
787000,7,5,600
787000,7,6,171
787000,7,7,72
787000,7,8,35
787000,7,9,44
787000,7,10,50
787000,8,0,82
787000,8,1,122
787000,8,2,2370
787000,8,3,1995
787000,8,4,765
787000,8,5,309
787000,8,6,128
787000,8,7,38
787000,8,8,28
787000,8,9,25
787000,8,10,27
787000,9,0,52
787000,9,1,59
787000,9,2,2235
787000,9,3,1024
787000,9,4,356
787000,9,5,91
787000,9,6,39
787000,9,7,12
787000,9,8,8
787000,9,9,5
787000,9,10,8
787000,10,0,15
787000,10,1,17
787000,10,2,666
787000,10,3,305
787000,10,4,106
787000,10,5,27
787000,10,6,11
787000,10,7,3
787000,10,8,3
787000,10,9,2
787000,10,10,2
791000,1,0,8089
791000,1,1,0
791000,1,2,0
791000,1,3,0
791000,1,4,0
791000,1,5,0
791000,1,6,0
791000,1,7,0
791000,1,8,0
791000,1,9,0
791000,1,10,0
791000,2,0,8369
791000,2,1,0
791000,2,2,0
791000,2,3,0
791000,2,4,0
791000,2,5,0
791000,2,6,0
791000,2,7,0
791000,2,8,0
791000,2,9,0
791000,2,10,0
791000,3,0,956
791000,3,1,3052
791000,3,2,0
791000,3,3,0
791000,3,4,0
791000,3,5,0
791000,3,6,0
791000,3,7,0
791000,3,8,0
791000,3,9,0
791000,3,10,0
791000,4,0,0
791000,4,1,3720
791000,4,2,2547
791000,4,3,953
791000,4,4,204
791000,4,5,36
791000,4,6,0
791000,4,7,0
791000,4,8,0
791000,4,9,0
791000,4,10,0
791000,5,0,168
791000,5,1,567
791000,5,2,1566
791000,5,3,1975
791000,5,4,711
791000,5,5,179
791000,5,6,53
791000,5,7,10
791000,5,8,0
791000,5,9,9
791000,5,10,0
791000,6,0,852
791000,6,1,1243
791000,6,2,4622
791000,6,3,10833
791000,6,4,6644
791000,6,5,3196
791000,6,6,1290
791000,6,7,584
791000,6,8,307
791000,6,9,265
791000,6,10,278
791000,7,0,333
791000,7,1,459
791000,7,2,1983
791000,7,3,4955
791000,7,4,3001
791000,7,5,1443
791000,7,6,548
791000,7,7,241
791000,7,8,137
791000,7,9,147
791000,7,10,153
791000,8,0,148
791000,8,1,302
791000,8,2,3812
791000,8,3,3917
791000,8,4,1625
791000,8,5,672
791000,8,6,256
791000,8,7,95
791000,8,8,44
791000,8,9,54
791000,8,10,58
791000,9,0,103
791000,9,1,169
791000,9,2,4041
791000,9,3,2033
791000,9,4,874
791000,9,5,252
791000,9,6,82
791000,9,7,36
791000,9,8,14
791000,9,9,22
791000,9,10,20
791000,10,0,33
791000,10,1,53
791000,10,2,1281
791000,10,3,644
791000,10,4,277
791000,10,5,80
791000,10,6,26
791000,10,7,12
791000,10,8,5
791000,10,9,7
791000,10,10,6
810000,1,0,3252
810000,1,1,0
810000,1,2,0
810000,1,3,0
810000,1,4,0
810000,1,5,0
810000,1,6,0
810000,1,7,0
810000,1,8,0
810000,1,9,0
810000,1,10,0
810000,2,0,3079
810000,2,1,0
810000,2,2,0
810000,2,3,0
810000,2,4,0
810000,2,5,0
810000,2,6,0
810000,2,7,0
810000,2,8,0
810000,2,9,0
810000,2,10,0
810000,3,0,289
810000,3,1,1169
810000,3,2,0
810000,3,3,0
810000,3,4,0
810000,3,5,0
810000,3,6,0
810000,3,7,0
810000,3,8,0
810000,3,9,0
810000,3,10,0
810000,4,0,0
810000,4,1,1174
810000,4,2,795
810000,4,3,270
810000,4,4,61
810000,4,5,0
810000,4,6,0
810000,4,7,0
810000,4,8,0
810000,4,9,0
810000,4,10,0
810000,5,0,49
810000,5,1,158
810000,5,2,510
810000,5,3,682
810000,5,4,226
810000,5,5,64
810000,5,6,22
810000,5,7,0
810000,5,8,0
810000,5,9,0
810000,5,10,0
810000,6,0,322
810000,6,1,452
810000,6,2,1935
810000,6,3,4301
810000,6,4,2513
810000,6,5,1033
810000,6,6,369
810000,6,7,153
810000,6,8,62
810000,6,9,52
810000,6,10,73
810000,7,0,157
810000,7,1,188
810000,7,2,852
810000,7,3,2128
810000,7,4,932
810000,7,5,498
810000,7,6,172
810000,7,7,78
810000,7,8,37
810000,7,9,38
810000,7,10,43
810000,8,0,68
810000,8,1,87
810000,8,2,1751
810000,8,3,1462
810000,8,4,542
810000,8,5,183
810000,8,6,77
810000,8,7,21
810000,8,8,11
810000,8,9,14
810000,8,10,14
810000,9,0,25
810000,9,1,63
810000,9,2,1806
810000,9,3,795
810000,9,4,282
810000,9,5,67
810000,9,6,23
810000,9,7,6
810000,9,8,0
810000,9,9,0
810000,9,10,6
810000,10,0,8
810000,10,1,22
810000,10,2,616
810000,10,3,272
810000,10,4,96
810000,10,5,23
810000,10,6,8
810000,10,7,2
810000,10,8,0
810000,10,9,0
810000,10,10,2
813000,1,0,4108
813000,1,1,0
813000,1,2,0
813000,1,3,0
813000,1,4,0
813000,1,5,0
813000,1,6,0
813000,1,7,0
813000,1,8,0
813000,1,9,0
813000,1,10,0
813000,2,0,4016
813000,2,1,0
813000,2,2,0
813000,2,3,0
813000,2,4,0
813000,2,5,0
813000,2,6,0
813000,2,7,0
813000,2,8,0
813000,2,9,0
813000,2,10,0
813000,3,0,349
813000,3,1,1638
813000,3,2,0
813000,3,3,0
813000,3,4,0
813000,3,5,0
813000,3,6,0
813000,3,7,0
813000,3,8,0
813000,3,9,0
813000,3,10,0
813000,4,0,0
813000,4,1,1665
813000,4,2,1285
813000,4,3,450
813000,4,4,112
813000,4,5,18
813000,4,6,0
813000,4,7,0
813000,4,8,0
813000,4,9,0
813000,4,10,0
813000,5,0,68
813000,5,1,282
813000,5,2,780
813000,5,3,981
813000,5,4,338
813000,5,5,77
813000,5,6,25
813000,5,7,8
813000,5,8,0
813000,5,9,0
813000,5,10,0
813000,6,0,448
813000,6,1,650
813000,6,2,2905
813000,6,3,6512
813000,6,4,3511
813000,6,5,1462
813000,6,6,554
813000,6,7,216
813000,6,8,134
813000,6,9,104
813000,6,10,100
813000,7,0,258
813000,7,1,328
813000,7,2,1708
813000,7,3,3832
813000,7,4,1878
813000,7,5,879
813000,7,6,288
813000,7,7,144
813000,7,8,58
813000,7,9,75
813000,7,10,75
813000,8,0,115
813000,8,1,175
813000,8,2,3330
813000,8,3,2970
813000,8,4,1017
813000,8,5,377
813000,8,6,133
813000,8,7,67
813000,8,8,39
813000,8,9,27
813000,8,10,41
813000,9,0,61
813000,9,1,100
813000,9,2,3534
813000,9,3,1731
813000,9,4,640
813000,9,5,164
813000,9,6,62
813000,9,7,29
813000,9,8,8
813000,9,9,10
813000,9,10,24
813000,10,0,18
813000,10,1,30
813000,10,2,1050
813000,10,3,514
813000,10,4,190
813000,10,5,49
813000,10,6,19
813000,10,7,8
813000,10,8,3
813000,10,9,3
813000,10,10,7
820000,1,0,2758
820000,1,1,0
820000,1,2,0
820000,1,3,0
820000,1,4,0
820000,1,5,0
820000,1,6,0
820000,1,7,0
820000,1,8,0
820000,1,9,0
820000,1,10,0
820000,2,0,2912
820000,2,1,0
820000,2,2,0
820000,2,3,0
820000,2,4,0
820000,2,5,0
820000,2,6,0
820000,2,7,0
820000,2,8,0
820000,2,9,0
820000,2,10,0
820000,3,0,338
820000,3,1,1070
820000,3,2,0
820000,3,3,0
820000,3,4,0
820000,3,5,0
820000,3,6,0
820000,3,7,0
820000,3,8,0
820000,3,9,0
820000,3,10,0
820000,4,0,0
820000,4,1,1066
820000,4,2,870
820000,4,3,363
820000,4,4,68
820000,4,5,21
820000,4,6,6
820000,4,7,0
820000,4,8,0
820000,4,9,0
820000,4,10,0
820000,5,0,84
820000,5,1,175
820000,5,2,540
820000,5,3,628
820000,5,4,231
820000,5,5,52
820000,5,6,17
820000,5,7,0
820000,5,8,0
820000,5,9,0
820000,5,10,0
820000,6,0,310
820000,6,1,415
820000,6,2,1889
820000,6,3,4307
820000,6,4,2183
820000,6,5,906
820000,6,6,361
820000,6,7,132
820000,6,8,56
820000,6,9,53
820000,6,10,54
820000,7,0,139
820000,7,1,202
820000,7,2,967
820000,7,3,2278
820000,7,4,1056
820000,7,5,461
820000,7,6,167
820000,7,7,61
820000,7,8,31
820000,7,9,27
820000,7,10,37
820000,8,0,66
820000,8,1,120
820000,8,2,1941
820000,8,3,1627
820000,8,4,622
820000,8,5,208
820000,8,6,58
820000,8,7,33
820000,8,8,15
820000,8,9,9
820000,8,10,21
820000,9,0,39
820000,9,1,74
820000,9,2,2028
820000,9,3,804
820000,9,4,285
820000,9,5,71
820000,9,6,33
820000,9,7,11
820000,9,8,0
820000,9,9,0
820000,9,10,9
820000,10,0,12
820000,10,1,24
820000,10,2,645
820000,10,3,255
820000,10,4,91
820000,10,5,22
820000,10,6,11
820000,10,7,3
820000,10,8,0
820000,10,9,0
820000,10,10,3
825000,1,0,86
825000,1,1,0
825000,1,2,0
825000,1,3,0
825000,1,4,0
825000,1,5,0
825000,1,6,0
825000,1,7,0
825000,1,8,0
825000,1,9,0
825000,1,10,0
825000,2,0,90
825000,2,1,0
825000,2,2,0
825000,2,3,0
825000,2,4,0
825000,2,5,0
825000,2,6,0
825000,2,7,0
825000,2,8,0
825000,2,9,0
825000,2,10,0
825000,3,0,0
825000,3,1,48
825000,3,2,0
825000,3,3,0
825000,3,4,0
825000,3,5,0
825000,3,6,0
825000,3,7,0
825000,3,8,0
825000,3,9,0
825000,3,10,0
825000,4,0,0
825000,4,1,18
825000,4,2,16
825000,4,3,25
825000,4,4,0
825000,4,5,0
825000,4,6,0
825000,4,7,0
825000,4,8,0
825000,4,9,0
825000,4,10,0
825000,5,0,0
825000,5,1,9
825000,5,2,16
825000,5,3,34
825000,5,4,0
825000,5,5,0
825000,5,6,0
825000,5,7,0
825000,5,8,0
825000,5,9,0
825000,5,10,0
825000,6,0,14
825000,6,1,19
825000,6,2,73
825000,6,3,167
825000,6,4,73
825000,6,5,35
825000,6,6,14
825000,6,7,0
825000,6,8,5
825000,6,9,0
825000,6,10,0
825000,7,0,19
825000,7,1,16
825000,7,2,71
825000,7,3,119
825000,7,4,51
825000,7,5,22
825000,7,6,5
825000,7,7,5
825000,7,8,6
825000,7,9,0
825000,7,10,0
825000,8,0,9
825000,8,1,14
825000,8,2,143
825000,8,3,145
825000,8,4,29
825000,8,5,18
825000,8,6,6
825000,8,7,0
825000,8,8,0
825000,8,9,0
825000,8,10,0
825000,9,0,0
825000,9,1,8
825000,9,2,167
825000,9,3,73
825000,9,4,23
825000,9,5,8
825000,9,6,0
825000,9,7,0
825000,9,8,0
825000,9,9,0
825000,9,10,0
825000,10,0,0
825000,10,1,2
825000,10,2,54
825000,10,3,24
825000,10,4,8
825000,10,5,2
825000,10,6,0
825000,10,7,0
825000,10,8,0
825000,10,9,0
825000,10,10,0
840000,1,0,3287
840000,1,1,0
840000,1,2,0
840000,1,3,0
840000,1,4,0
840000,1,5,0
840000,1,6,0
840000,1,7,0
840000,1,8,0
840000,1,9,0
840000,1,10,0
840000,2,0,2802
840000,2,1,0
840000,2,2,0
840000,2,3,0
840000,2,4,0
840000,2,5,0
840000,2,6,0
840000,2,7,0
840000,2,8,0
840000,2,9,0
840000,2,10,0
840000,3,0,225
840000,3,1,1032
840000,3,2,0
840000,3,3,0
840000,3,4,0
840000,3,5,0
840000,3,6,0
840000,3,7,0
840000,3,8,0
840000,3,9,0
840000,3,10,0
840000,4,0,0
840000,4,1,904
840000,4,2,558
840000,4,3,200
840000,4,4,51
840000,4,5,8
840000,4,6,0
840000,4,7,0
840000,4,8,0
840000,4,9,0
840000,4,10,0
840000,5,0,34
840000,5,1,136
840000,5,2,353
840000,5,3,550
840000,5,4,207
840000,5,5,49
840000,5,6,17
840000,5,7,0
840000,5,8,0
840000,5,9,0
840000,5,10,0
840000,6,0,196
840000,6,1,346
840000,6,2,1260
840000,6,3,3377
840000,6,4,2441
840000,6,5,1267
840000,6,6,508
840000,6,7,261
840000,6,8,107
840000,6,9,124
840000,6,10,109
840000,7,0,114
840000,7,1,154
840000,7,2,587
840000,7,3,1527
840000,7,4,893
840000,7,5,476
840000,7,6,174
840000,7,7,76
840000,7,8,57
840000,7,9,61
840000,7,10,45
840000,8,0,48
840000,8,1,73
840000,8,2,1278
840000,8,3,1164
840000,8,4,430
840000,8,5,185
840000,8,6,74
840000,8,7,28
840000,8,8,16
840000,8,9,15
840000,8,10,25
840000,9,0,36
840000,9,1,54
840000,9,2,1264
840000,9,3,561
840000,9,4,231
840000,9,5,71
840000,9,6,26
840000,9,7,12
840000,9,8,7
840000,9,9,5
840000,9,10,9
840000,10,0,12
840000,10,1,17
840000,10,2,402
840000,10,3,178
840000,10,4,74
840000,10,5,22
840000,10,6,8
840000,10,7,4
840000,10,8,2
840000,10,9,1
840000,10,10,3
846000,1,0,3198
846000,1,1,0
846000,1,2,0
846000,1,3,0
846000,1,4,0
846000,1,5,0
846000,1,6,0
846000,1,7,0
846000,1,8,0
846000,1,9,0
846000,1,10,0
846000,2,0,3108
846000,2,1,0
846000,2,2,0
846000,2,3,0
846000,2,4,0
846000,2,5,0
846000,2,6,0
846000,2,7,0
846000,2,8,0
846000,2,9,0
846000,2,10,0
846000,3,0,309
846000,3,1,1272
846000,3,2,0
846000,3,3,0
846000,3,4,0
846000,3,5,0
846000,3,6,0
846000,3,7,0
846000,3,8,0
846000,3,9,0
846000,3,10,0
846000,4,0,0
846000,4,1,1274
846000,4,2,929
846000,4,3,392
846000,4,4,88
846000,4,5,18
846000,4,6,0
846000,4,7,0
846000,4,8,0
846000,4,9,0
846000,4,10,0
846000,5,0,49
846000,5,1,215
846000,5,2,640
846000,5,3,757
846000,5,4,261
846000,5,5,86
846000,5,6,21
846000,5,7,0
846000,5,8,0
846000,5,9,0
846000,5,10,0
846000,6,0,352
846000,6,1,512
846000,6,2,2159
846000,6,3,4599
846000,6,4,2598
846000,6,5,1262
846000,6,6,483
846000,6,7,200
846000,6,8,91
846000,6,9,100
846000,6,10,66
846000,7,0,151
846000,7,1,234
846000,7,2,1132
846000,7,3,2497
846000,7,4,1278
846000,7,5,724
846000,7,6,228
846000,7,7,91
846000,7,8,57
846000,7,9,49
846000,7,10,50
846000,8,0,83
846000,8,1,136
846000,8,2,2224
846000,8,3,1844
846000,8,4,720
846000,8,5,283
846000,8,6,108
846000,8,7,26
846000,8,8,24
846000,8,9,17
846000,8,10,29
846000,9,0,37
846000,9,1,69
846000,9,2,2137
846000,9,3,941
846000,9,4,321
846000,9,5,98
846000,9,6,45
846000,9,7,17
846000,9,8,7
846000,9,9,6
846000,9,10,11
846000,10,0,12
846000,10,1,21
846000,10,2,664
846000,10,3,292
846000,10,4,100
846000,10,5,31
846000,10,6,14
846000,10,7,5
846000,10,8,2
846000,10,9,2
846000,10,10,3
849000,1,0,3118
849000,1,1,0
849000,1,2,0
849000,1,3,0
849000,1,4,0
849000,1,5,0
849000,1,6,0
849000,1,7,0
849000,1,8,0
849000,1,9,0
849000,1,10,0
849000,2,0,3033
849000,2,1,0
849000,2,2,0
849000,2,3,0
849000,2,4,0
849000,2,5,0
849000,2,6,0
849000,2,7,0
849000,2,8,0
849000,2,9,0
849000,2,10,0
849000,3,0,223
849000,3,1,1238
849000,3,2,0
849000,3,3,0
849000,3,4,0
849000,3,5,0
849000,3,6,0
849000,3,7,0
849000,3,8,0
849000,3,9,0
849000,3,10,0
849000,4,0,0
849000,4,1,1179
849000,4,2,829
849000,4,3,281
849000,4,4,53
849000,4,5,12
849000,4,6,0
849000,4,7,0
849000,4,8,0
849000,4,9,0
849000,4,10,0
849000,5,0,57
849000,5,1,146
849000,5,2,522
849000,5,3,659
849000,5,4,215
849000,5,5,54
849000,5,6,16
849000,5,7,0
849000,5,8,0
849000,5,9,0
849000,5,10,0
849000,6,0,349
849000,6,1,411
849000,6,2,1941
849000,6,3,4395
849000,6,4,2359
849000,6,5,966
849000,6,6,392
849000,6,7,163
849000,6,8,96
849000,6,9,74
849000,6,10,73
849000,7,0,192
849000,7,1,208
849000,7,2,1011
849000,7,3,2309
849000,7,4,1057
849000,7,5,519
849000,7,6,188
849000,7,7,94
849000,7,8,36
849000,7,9,42
849000,7,10,48
849000,8,0,88
849000,8,1,152
849000,8,2,2099
849000,8,3,1723
849000,8,4,640
849000,8,5,246
849000,8,6,83
849000,8,7,41
849000,8,8,15
849000,8,9,17
849000,8,10,21
849000,9,0,32
849000,9,1,71
849000,9,2,2133
849000,9,3,910
849000,9,4,354
849000,9,5,107
849000,9,6,39
849000,9,7,21
849000,9,8,6
849000,9,9,8
849000,9,10,15
849000,10,0,8
849000,10,1,19
849000,10,2,569
849000,10,3,243
849000,10,4,94
849000,10,5,29
849000,10,6,11
849000,10,7,5
849000,10,8,1
849000,10,9,2
849000,10,10,4
851000,1,0,17971
851000,1,1,0
851000,1,2,0
851000,1,3,0
851000,1,4,0
851000,1,5,0
851000,1,6,0
851000,1,7,0
851000,1,8,0
851000,1,9,0
851000,1,10,0
851000,2,0,15126
851000,2,1,0
851000,2,2,0
851000,2,3,0
851000,2,4,0
851000,2,5,0
851000,2,6,0
851000,2,7,0
851000,2,8,0
851000,2,9,0
851000,2,10,0
851000,3,0,1991
851000,3,1,4913
851000,3,2,0
851000,3,3,0
851000,3,4,0
851000,3,5,0
851000,3,6,0
851000,3,7,0
851000,3,8,0
851000,3,9,0
851000,3,10,0
851000,4,0,0
851000,4,1,12061
851000,4,2,12513
851000,4,3,3015
851000,4,4,474
851000,4,5,107
851000,4,6,29
851000,4,7,0
851000,4,8,0
851000,4,9,0
851000,4,10,0
851000,5,0,656
851000,5,1,3277
851000,5,2,7451
851000,5,3,6753
851000,5,4,2718
851000,5,5,744
851000,5,6,206
851000,5,7,52
851000,5,8,19
851000,5,9,15
851000,5,10,26
851000,6,0,2095
851000,6,1,3108
851000,6,2,10336
851000,6,3,21208
851000,6,4,14915
851000,6,5,7582
851000,6,6,3041
851000,6,7,1495
851000,6,8,761
851000,6,9,785
851000,6,10,770
851000,7,0,613
851000,7,1,946
851000,7,2,4018
851000,7,3,9164
851000,7,4,5599
851000,7,5,2701
851000,7,6,1134
851000,7,7,563
851000,7,8,285
851000,7,9,335
851000,7,10,356
851000,8,0,250
851000,8,1,464
851000,8,2,7676
851000,8,3,7420
851000,8,4,2840
851000,8,5,1123
851000,8,6,484
851000,8,7,215
851000,8,8,98
851000,8,9,92
851000,8,10,130
851000,9,0,123
851000,9,1,269
851000,9,2,8003
851000,9,3,4264
851000,9,4,1803
851000,9,5,461
851000,9,6,178
851000,9,7,73
851000,9,8,42
851000,9,9,43
851000,9,10,58
851000,10,0,37
851000,10,1,79
851000,10,2,2369
851000,10,3,1262
851000,10,4,534
851000,10,5,137
851000,10,6,53
851000,10,7,21
851000,10,8,13
851000,10,9,13
851000,10,10,17
860000,1,0,4899
860000,1,1,0
860000,1,2,0
860000,1,3,0
860000,1,4,0
860000,1,5,0
860000,1,6,0
860000,1,7,0
860000,1,8,0
860000,1,9,0
860000,1,10,0
860000,2,0,4782
860000,2,1,0
860000,2,2,0
860000,2,3,0
860000,2,4,0
860000,2,5,0
860000,2,6,0
860000,2,7,0
860000,2,8,0
860000,2,9,0
860000,2,10,0
860000,3,0,451
860000,3,1,1894
860000,3,2,0
860000,3,3,0
860000,3,4,0
860000,3,5,0
860000,3,6,0
860000,3,7,0
860000,3,8,0
860000,3,9,0
860000,3,10,0
860000,4,0,0
860000,4,1,2029
860000,4,2,1686
860000,4,3,659
860000,4,4,103
860000,4,5,27
860000,4,6,0
860000,4,7,0
860000,4,8,0
860000,4,9,0
860000,4,10,0
860000,5,0,88
860000,5,1,344
860000,5,2,1015
860000,5,3,1278
860000,5,4,357
860000,5,5,85
860000,5,6,33
860000,5,7,11
860000,5,8,0
860000,5,9,0
860000,5,10,0
860000,6,0,552
860000,6,1,710
860000,6,2,3127
860000,6,3,7406
860000,6,4,3753
860000,6,5,1630
860000,6,6,637
860000,6,7,231
860000,6,8,116
860000,6,9,120
860000,6,10,117
860000,7,0,283
860000,7,1,271
860000,7,2,1670
860000,7,3,4056
860000,7,4,1929
860000,7,5,859
860000,7,6,315
860000,7,7,134
860000,7,8,59
860000,7,9,70
860000,7,10,88
860000,8,0,164
860000,8,1,182
860000,8,2,3142
860000,8,3,3046
860000,8,4,1132
860000,8,5,425
860000,8,6,149
860000,8,7,68
860000,8,8,32
860000,8,9,34
860000,8,10,45
860000,9,0,44
860000,9,1,103
860000,9,2,3236
860000,9,3,1508
860000,9,4,584
860000,9,5,165
860000,9,6,70
860000,9,7,19
860000,9,8,10
860000,9,9,11
860000,9,10,16
860000,10,0,15
860000,10,1,35
860000,10,2,1087
860000,10,3,507
860000,10,4,196
860000,10,5,55
860000,10,6,24
860000,10,7,7
860000,10,8,3
860000,10,9,4
860000,10,10,6